algorithm,scenario,status,split,repeat_index,benchmark_seed,instance_index,device_id,shots,edge_key,response_key,requested_two_qubit_depth,depth_sweep_method,physical_qubits,target_state,target_bitstring,tvd_to_ideal,success_probability,hellinger_fidelity,logical_gate_count,logical_two_qubit_gate_count,coherent_correction_locations,pretranspile_depth,pretranspile_two_qubit_depth,pretranspile_two_qubit_gate_count,transpiled_depth,transpiled_two_qubit_depth,transpiled_two_qubit_gate_count,response_condition_number,response_inverse_overhead_l1,response_validation_passed,correction_validation_passed,generator_validation_passed,generator_correction_applied,correction_components,distribution,measured_distribution_before_inverse,distribution_after_readout,job_id,qpu_cost,interpretation,readout_raw_normalization,readout_raw_negativity,readout_simplex_projection_l1,readout_condition_number,readout_inverse_overhead_l1,inverse_raw_normalization,inverse_raw_negativity,simplex_projection_l1
grover_2q_exhaustive,ideal_simulation,executed,evaluation,0,22027,0,ideal_aer,256,q0-q1,q0-q1@d2q2,2,cx_cx_identity_folding,"[0, 1]",00,b00,0.0,1.0,1.0,20,2,0,14,2,2,9,2,2,,,,False,,False,none,"{""00"": 1.0}",,,,null,deterministic ideal reference,,,,,,,,
grover_2q_exhaustive,raw_haiqu_execution,executed_local_fallback_not_haiqu,evaluation,0,22027,0,fake_fez,256,q0-q1,q0-q1@d2q2,2,cx_cx_identity_folding,"[0, 1]",00,b00,0.046875,0.953125,0.9531249999999999,20,2,0,14,2,2,9,2,2,,,,False,,False,none,"{""00"": 0.953125, ""01"": 0.03125, ""10"": 0.01171875, ""11"": 0.00390625}","{""00"": 0.953125, ""01"": 0.03125, ""10"": 0.01171875, ""11"": 0.00390625}",,,null,raw measured distribution,,,,,,,,
grover_2q_exhaustive,calibrated_readout_mitigation_only,executed_independent_readout_calibration,evaluation,0,22027,0,fake_fez,256,q0-q1,q0-q1@d2q2,2,cx_cx_identity_folding,"[0, 1]",00,b00,0.02838370514954752,0.9716162948504525,0.9716162948504526,20,2,0,14,2,2,9,2,2,,,,False,,False,readout_assignment,"{""00"": 0.9716162948504525, ""01"": 0.02442268901835369, ""10"": 0.00028667656614468157, ""11"": 0.003674339565049199}","{""00"": 0.953125, ""01"": 0.03125, ""10"": 0.01171875, ""11"": 0.00390625}","{""00"": 0.9716162948504525, ""01"": 0.02442268901835369, ""10"": 0.00028667656614468157, ""11"": 0.003674339565049199}",,null,regularized inversion of an independently measured edge assignment matrix,0.9999990273448425,0.0,9.726551577017074e-07,1.0631022870543168,1.082879523969164,,,
grover_2q_exhaustive,learned_generator_correction_only,executed_ablation_not_recommended,evaluation,0,22027,0,fake_fez,256,q0-q1,q0-q1@d2q2,2,cx_cx_identity_folding,"[0, 1]",00,b00,0.0,1.0,1.0,20,2,0,14,2,2,9,2,2,1.5506559403383504,1.5701284409284961,True,False,,False,"alpha,gamma,kappa_down","{""00"": 1.0, ""01"": 0.0, ""10"": 0.0, ""11"": 0.0}","{""00"": 0.953125, ""01"": 0.03125, ""10"": 0.01171875, ""11"": 0.00390625}",,,null,v0.4 generator-only ablation; readout nuisance remains,,,,,,0.9710231525815423,0.23406723041045474,0.4391576134024518
grover_2q_exhaustive,learned_readout_plus_generator_correction,executed_validated_readout_fallback,evaluation,0,22027,0,fake_fez,256,q0-q1,q0-q1@d2q2,2,cx_cx_identity_folding,"[0, 1]",00,b00,0.02838370514954752,0.9716162948504525,0.9716162948504526,20,2,0,14,2,2,9,2,2,1.5506559403383504,1.5701284409284961,True,False,False,False,readout_assignment,"{""00"": 0.9716162948504525, ""01"": 0.02442268901835369, ""10"": 0.00028667656614468157, ""11"": 0.003674339565049199}","{""00"": 0.953125, ""01"": 0.03125, ""10"": 0.01171875, ""11"": 0.00390625}","{""00"": 0.9716162948504525, ""01"": 0.02442268901835369, ""10"": 0.00028667656614468157, ""11"": 0.003674339565049199}",,null,independent validation rejected the incremental generator inverse for this edge; retained the validated readout-only correction,0.9999990273448425,0.0,9.726551577017074e-07,1.0631022870543168,1.082879523969164,,,
grover_2q_exhaustive,haiqu_mitigation_only,not_run_requires_haiqu_cloud,evaluation,0,22027,0,fake_fez,256,q0-q1,q0-q1@d2q2,2,cx_cx_identity_folding,"[0, 1]",00,b00,,,,20,2,0,14,2,2,9,2,2,,,,False,,False,haiqu_managed,,,,,null,No local result substitutes for Haiqu mitigation,,,,,,,,
grover_2q_exhaustive,learned_full_correction_plus_haiqu_mitigation,not_run_requires_haiqu_cloud,evaluation,0,22027,0,fake_fez,256,q0-q1,q0-q1@d2q2,2,cx_cx_identity_folding,"[0, 1]",00,b00,,,,20,2,0,14,2,2,9,2,2,1.5506559403383504,1.5701284409284961,True,False,False,False,"haiqu_managed,edge_adaptive_generator",,,,,null,No local result substitutes for Haiqu mitigation,,,,,,,,
grover_2q_exhaustive,ideal_simulation,executed,evaluation,0,22027,1,ideal_aer,256,q0-q1,q0-q1@d2q2,2,cx_cx_identity_folding,"[0, 1]",01,b01,0.0,1.0,1.0,18,2,0,14,2,2,9,2,2,,,,False,,False,none,"{""01"": 1.0}",,,,null,deterministic ideal reference,,,,,,,,
grover_2q_exhaustive,raw_haiqu_execution,executed_local_fallback_not_haiqu,evaluation,0,22027,1,fake_fez,256,q0-q1,q0-q1@d2q2,2,cx_cx_identity_folding,"[0, 1]",01,b01,0.046875,0.953125,0.9531249999999999,18,2,0,14,2,2,9,2,2,,,,False,,False,none,"{""00"": 0.02734375, ""01"": 0.953125, ""10"": 0.0078125, ""11"": 0.01171875}","{""00"": 0.02734375, ""01"": 0.953125, ""10"": 0.0078125, ""11"": 0.01171875}",,,null,raw measured distribution,,,,,,,,
grover_2q_exhaustive,calibrated_readout_mitigation_only,executed_independent_readout_calibration,evaluation,0,22027,1,fake_fez,256,q0-q1,q0-q1@d2q2,2,cx_cx_identity_folding,"[0, 1]",01,b01,0.01619487935925389,0.9838051206407461,0.9838051206407461,18,2,0,14,2,2,9,2,2,,,,False,,False,readout_assignment,"{""00"": 0.008067048212023455, ""01"": 0.9838051206407461, ""10"": 0.008030372533870024, ""11"": 9.745861336040022e-05}","{""00"": 0.02734375, ""01"": 0.953125, ""10"": 0.0078125, ""11"": 0.01171875}","{""00"": 0.008067048212023455, ""01"": 0.9838051206407461, ""10"": 0.008030372533870024, ""11"": 9.745861336040022e-05}",,null,regularized inversion of an independently measured edge assignment matrix,0.9999989761020891,0.0,1.0238979109011836e-06,1.0631022870543168,1.082879523969164,,,
grover_2q_exhaustive,learned_generator_correction_only,executed_ablation_not_recommended,evaluation,0,22027,1,fake_fez,256,q0-q1,q0-q1@d2q2,2,cx_cx_identity_folding,"[0, 1]",01,b01,0.0,1.0,1.0,18,2,0,14,2,2,9,2,2,1.5506559403383504,1.5701284409284961,True,False,,False,"alpha,gamma,kappa_down","{""00"": 0.0, ""01"": 1.0, ""10"": 0.0, ""11"": 0.0}","{""00"": 0.02734375, ""01"": 0.953125, ""10"": 0.0078125, ""11"": 0.01171875}",,,null,v0.4 generator-only ablation; readout nuisance remains,,,,,,0.9707516617419429,0.2222070370559051,0.41516573585375316
grover_2q_exhaustive,learned_readout_plus_generator_correction,executed_validated_readout_fallback,evaluation,0,22027,1,fake_fez,256,q0-q1,q0-q1@d2q2,2,cx_cx_identity_folding,"[0, 1]",01,b01,0.01619487935925389,0.9838051206407461,0.9838051206407461,18,2,0,14,2,2,9,2,2,1.5506559403383504,1.5701284409284961,True,False,False,False,readout_assignment,"{""00"": 0.008067048212023455, ""01"": 0.9838051206407461, ""10"": 0.008030372533870024, ""11"": 9.745861336040022e-05}","{""00"": 0.02734375, ""01"": 0.953125, ""10"": 0.0078125, ""11"": 0.01171875}","{""00"": 0.008067048212023455, ""01"": 0.9838051206407461, ""10"": 0.008030372533870024, ""11"": 9.745861336040022e-05}",,null,independent validation rejected the incremental generator inverse for this edge; retained the validated readout-only correction,0.9999989761020891,0.0,1.0238979109011836e-06,1.0631022870543168,1.082879523969164,,,
grover_2q_exhaustive,haiqu_mitigation_only,not_run_requires_haiqu_cloud,evaluation,0,22027,1,fake_fez,256,q0-q1,q0-q1@d2q2,2,cx_cx_identity_folding,"[0, 1]",01,b01,,,,18,2,0,14,2,2,9,2,2,,,,False,,False,haiqu_managed,,,,,null,No local result substitutes for Haiqu mitigation,,,,,,,,
grover_2q_exhaustive,learned_full_correction_plus_haiqu_mitigation,not_run_requires_haiqu_cloud,evaluation,0,22027,1,fake_fez,256,q0-q1,q0-q1@d2q2,2,cx_cx_identity_folding,"[0, 1]",01,b01,,,,18,2,0,14,2,2,9,2,2,1.5506559403383504,1.5701284409284961,True,False,False,False,"haiqu_managed,edge_adaptive_generator",,,,,null,No local result substitutes for Haiqu mitigation,,,,,,,,
grover_2q_exhaustive,ideal_simulation,executed,evaluation,0,22027,2,ideal_aer,256,q0-q1,q0-q1@d2q2,2,cx_cx_identity_folding,"[0, 1]",10,b10,0.0,1.0,1.0,18,2,0,12,2,2,10,2,2,,,,False,,False,none,"{""10"": 1.0}",,,,null,deterministic ideal reference,,,,,,,,
grover_2q_exhaustive,raw_haiqu_execution,executed_local_fallback_not_haiqu,evaluation,0,22027,2,fake_fez,256,q0-q1,q0-q1@d2q2,2,cx_cx_identity_folding,"[0, 1]",10,b10,0.05078125,0.94921875,0.94921875,18,2,0,12,2,2,10,2,2,,,,False,,False,none,"{""00"": 0.03515625, ""01"": 0.00390625, ""10"": 0.94921875, ""11"": 0.01171875}","{""00"": 0.03515625, ""01"": 0.00390625, ""10"": 0.94921875, ""11"": 0.01171875}",,,null,raw measured distribution,,,,,,,,
grover_2q_exhaustive,calibrated_readout_mitigation_only,executed_independent_readout_calibration,evaluation,0,22027,2,fake_fez,256,q0-q1,q0-q1@d2q2,2,cx_cx_identity_folding,"[0, 1]",10,b10,0.012297943555811533,0.9877020564441885,0.9877020564441886,18,2,0,12,2,2,10,2,2,,,,False,,False,readout_assignment,"{""00"": 0.008232360881178688, ""01"": 0.003966118684451829, ""10"": 0.9877020564441885, ""11"": 9.946399018106145e-05}","{""00"": 0.03515625, ""01"": 0.00390625, ""10"": 0.94921875, ""11"": 0.01171875}","{""00"": 0.008232360881178688, ""01"": 0.003966118684451829, ""10"": 0.9877020564441885, ""11"": 9.946399018106145e-05}",,null,regularized inversion of an independently measured edge assignment matrix,0.9999989876157321,0.0,1.0123842680036032e-06,1.0631022870543168,1.082879523969164,,,
grover_2q_exhaustive,learned_generator_correction_only,executed_ablation_not_recommended,evaluation,0,22027,2,fake_fez,256,q0-q1,q0-q1@d2q2,2,cx_cx_identity_folding,"[0, 1]",10,b10,0.0,1.0,1.0,18,2,0,12,2,2,10,2,2,1.5506559403383504,1.5701284409284961,True,False,,False,"alpha,gamma,kappa_down","{""00"": 0.0, ""01"": 0.0, ""10"": 1.0, ""11"": 0.0}","{""00"": 0.03515625, ""01"": 0.00390625, ""10"": 0.94921875, ""11"": 0.01171875}",,,null,v0.4 generator-only ablation; readout nuisance remains,,,,,,0.9708026943968258,0.20166668958757517,0.3741360735719761
grover_2q_exhaustive,learned_readout_plus_generator_correction,executed_validated_readout_fallback,evaluation,0,22027,2,fake_fez,256,q0-q1,q0-q1@d2q2,2,cx_cx_identity_folding,"[0, 1]",10,b10,0.012297943555811533,0.9877020564441885,0.9877020564441886,18,2,0,12,2,2,10,2,2,1.5506559403383504,1.5701284409284961,True,False,False,False,readout_assignment,"{""00"": 0.008232360881178688, ""01"": 0.003966118684451829, ""10"": 0.9877020564441885, ""11"": 9.946399018106145e-05}","{""00"": 0.03515625, ""01"": 0.00390625, ""10"": 0.94921875, ""11"": 0.01171875}","{""00"": 0.008232360881178688, ""01"": 0.003966118684451829, ""10"": 0.9877020564441885, ""11"": 9.946399018106145e-05}",,null,independent validation rejected the incremental generator inverse for this edge; retained the validated readout-only correction,0.9999989876157321,0.0,1.0123842680036032e-06,1.0631022870543168,1.082879523969164,,,
grover_2q_exhaustive,haiqu_mitigation_only,not_run_requires_haiqu_cloud,evaluation,0,22027,2,fake_fez,256,q0-q1,q0-q1@d2q2,2,cx_cx_identity_folding,"[0, 1]",10,b10,,,,18,2,0,12,2,2,10,2,2,,,,False,,False,haiqu_managed,,,,,null,No local result substitutes for Haiqu mitigation,,,,,,,,
grover_2q_exhaustive,learned_full_correction_plus_haiqu_mitigation,not_run_requires_haiqu_cloud,evaluation,0,22027,2,fake_fez,256,q0-q1,q0-q1@d2q2,2,cx_cx_identity_folding,"[0, 1]",10,b10,,,,18,2,0,12,2,2,10,2,2,1.5506559403383504,1.5701284409284961,True,False,False,False,"haiqu_managed,edge_adaptive_generator",,,,,null,No local result substitutes for Haiqu mitigation,,,,,,,,
grover_2q_exhaustive,ideal_simulation,executed,evaluation,0,22027,3,ideal_aer,256,q0-q1,q0-q1@d2q2,2,cx_cx_identity_folding,"[0, 1]",11,b11,0.0,1.0,1.0,16,2,0,12,2,2,10,2,2,,,,False,,False,none,"{""11"": 1.0}",,,,null,deterministic ideal reference,,,,,,,,
grover_2q_exhaustive,raw_haiqu_execution,executed_local_fallback_not_haiqu,evaluation,0,22027,3,fake_fez,256,q0-q1,q0-q1@d2q2,2,cx_cx_identity_folding,"[0, 1]",11,b11,0.04296875,0.95703125,0.9570312500000001,16,2,0,12,2,2,10,2,2,,,,False,,False,none,"{""01"": 0.01953125, ""10"": 0.0234375, ""11"": 0.95703125}","{""01"": 0.01953125, ""10"": 0.0234375, ""11"": 0.95703125}",,,null,raw measured distribution,,,,,,,,
grover_2q_exhaustive,calibrated_readout_mitigation_only,executed_independent_readout_calibration,evaluation,0,22027,3,fake_fez,256,q0-q1,q0-q1@d2q2,2,cx_cx_identity_folding,"[0, 1]",11,b11,0.02833465923085644,0.9716653407691436,0.9716653407691436,16,2,0,12,2,2,10,2,2,,,,False,,False,readout_assignment,"{""00"": 0.0, ""01"": 0.01995297570933816, ""10"": 0.008381683521518293, ""11"": 0.9716653407691436}","{""01"": 0.01953125, ""10"": 0.0234375, ""11"": 0.95703125}","{""00"": 0.0, ""01"": 0.01995297570933816, ""10"": 0.008381683521518293, ""11"": 0.9716653407691436}",,null,regularized inversion of an independently measured edge assignment matrix,0.9999990075236437,0.0006414271947429437,0.0012818619131295028,1.0631022870543168,1.082879523969164,,,
grover_2q_exhaustive,learned_generator_correction_only,executed_ablation_not_recommended,evaluation,0,22027,3,fake_fez,256,q0-q1,q0-q1@d2q2,2,cx_cx_identity_folding,"[0, 1]",11,b11,0.0,1.0,1.0,16,2,0,12,2,2,10,2,2,1.5506559403383504,1.5701284409284961,True,False,,False,"alpha,gamma,kappa_down","{""00"": 0.0, ""01"": 0.0, ""10"": 0.0, ""11"": 1.0}","{""01"": 0.01953125, ""10"": 0.0234375, ""11"": 0.95703125}",,,null,v0.4 generator-only ablation; readout nuisance remains,,,,,,0.9709181690799854,0.1971193388298799,0.36515684673974513
grover_2q_exhaustive,learned_readout_plus_generator_correction,executed_validated_readout_fallback,evaluation,0,22027,3,fake_fez,256,q0-q1,q0-q1@d2q2,2,cx_cx_identity_folding,"[0, 1]",11,b11,0.02833465923085644,0.9716653407691436,0.9716653407691436,16,2,0,12,2,2,10,2,2,1.5506559403383504,1.5701284409284961,True,False,False,False,readout_assignment,"{""00"": 0.0, ""01"": 0.01995297570933816, ""10"": 0.008381683521518293, ""11"": 0.9716653407691436}","{""01"": 0.01953125, ""10"": 0.0234375, ""11"": 0.95703125}","{""00"": 0.0, ""01"": 0.01995297570933816, ""10"": 0.008381683521518293, ""11"": 0.9716653407691436}",,null,independent validation rejected the incremental generator inverse for this edge; retained the validated readout-only correction,0.9999990075236437,0.0006414271947429437,0.0012818619131295028,1.0631022870543168,1.082879523969164,,,
grover_2q_exhaustive,haiqu_mitigation_only,not_run_requires_haiqu_cloud,evaluation,0,22027,3,fake_fez,256,q0-q1,q0-q1@d2q2,2,cx_cx_identity_folding,"[0, 1]",11,b11,,,,16,2,0,12,2,2,10,2,2,,,,False,,False,haiqu_managed,,,,,null,No local result substitutes for Haiqu mitigation,,,,,,,,
grover_2q_exhaustive,learned_full_correction_plus_haiqu_mitigation,not_run_requires_haiqu_cloud,evaluation,0,22027,3,fake_fez,256,q0-q1,q0-q1@d2q2,2,cx_cx_identity_folding,"[0, 1]",11,b11,,,,16,2,0,12,2,2,10,2,2,1.5506559403383504,1.5701284409284961,True,False,False,False,"haiqu_managed,edge_adaptive_generator",,,,,null,No local result substitutes for Haiqu mitigation,,,,,,,,
grover_2q_exhaustive,ideal_simulation,executed,evaluation,0,22027,4,ideal_aer,256,q1-q2,q1-q2@d2q2,2,cx_cx_identity_folding,"[1, 2]",00,b00,0.0,1.0,1.0,20,2,0,14,2,2,9,2,2,,,,False,,False,none,"{""00"": 1.0}",,,,null,deterministic ideal reference,,,,,,,,
grover_2q_exhaustive,raw_haiqu_execution,executed_local_fallback_not_haiqu,evaluation,0,22027,4,fake_fez,256,q1-q2,q1-q2@d2q2,2,cx_cx_identity_folding,"[1, 2]",00,b00,0.0234375,0.9765625,0.9765625,20,2,0,14,2,2,9,2,2,,,,False,,False,none,"{""00"": 0.9765625, ""01"": 0.0078125, ""10"": 0.015625}","{""00"": 0.9765625, ""01"": 0.0078125, ""10"": 0.015625}",,,null,raw measured distribution,,,,,,,,
grover_2q_exhaustive,calibrated_readout_mitigation_only,executed_independent_readout_calibration,evaluation,0,22027,4,fake_fez,256,q1-q2,q1-q2@d2q2,2,cx_cx_identity_folding,"[1, 2]",00,b00,0.011907155058023458,0.9880928449419766,0.9880928449419766,20,2,0,14,2,2,9,2,2,,,,False,,False,readout_assignment,"{""00"": 0.9880928449419766, ""01"": 0.0, ""10"": 0.011907155058023495, ""11"": 0.0}","{""00"": 0.9765625, ""01"": 0.0078125, ""10"": 0.015625}","{""00"": 0.9880928449419766, ""01"": 0.0, ""10"": 0.011907155058023495, ""11"": 0.0}",,null,regularized inversion of an independently measured edge assignment matrix,0.9999990037942651,0.008062692817102477,0.016124389428470054,1.0363487486086074,1.0404520489858942,,,
grover_2q_exhaustive,learned_generator_correction_only,executed_ablation_not_recommended,evaluation,0,22027,4,fake_fez,256,q1-q2,q1-q2@d2q2,2,cx_cx_identity_folding,"[1, 2]",00,b00,0.0,1.0,1.0,20,2,0,14,2,2,9,2,2,1.5123947181941026,1.5262894483822462,True,False,,False,"alpha,gamma,kappa_down","{""00"": 1.0, ""01"": 0.0, ""10"": 0.0, ""11"": 0.0}","{""00"": 0.9765625, ""01"": 0.0078125, ""10"": 0.015625}",,,null,v0.4 generator-only ablation; readout nuisance remains,,,,,,0.9714331022850097,0.22177466794043918,0.4149824381658881
grover_2q_exhaustive,learned_readout_plus_generator_correction,executed_validated_readout_fallback,evaluation,0,22027,4,fake_fez,256,q1-q2,q1-q2@d2q2,2,cx_cx_identity_folding,"[1, 2]",00,b00,0.011907155058023458,0.9880928449419766,0.9880928449419766,20,2,0,14,2,2,9,2,2,1.5123947181941026,1.5262894483822462,True,False,False,False,readout_assignment,"{""00"": 0.9880928449419766, ""01"": 0.0, ""10"": 0.011907155058023495, ""11"": 0.0}","{""00"": 0.9765625, ""01"": 0.0078125, ""10"": 0.015625}","{""00"": 0.9880928449419766, ""01"": 0.0, ""10"": 0.011907155058023495, ""11"": 0.0}",,null,independent validation rejected the incremental generator inverse for this edge; retained the validated readout-only correction,0.9999990037942651,0.008062692817102477,0.016124389428470054,1.0363487486086074,1.0404520489858942,,,
grover_2q_exhaustive,haiqu_mitigation_only,not_run_requires_haiqu_cloud,evaluation,0,22027,4,fake_fez,256,q1-q2,q1-q2@d2q2,2,cx_cx_identity_folding,"[1, 2]",00,b00,,,,20,2,0,14,2,2,9,2,2,,,,False,,False,haiqu_managed,,,,,null,No local result substitutes for Haiqu mitigation,,,,,,,,
grover_2q_exhaustive,learned_full_correction_plus_haiqu_mitigation,not_run_requires_haiqu_cloud,evaluation,0,22027,4,fake_fez,256,q1-q2,q1-q2@d2q2,2,cx_cx_identity_folding,"[1, 2]",00,b00,,,,20,2,0,14,2,2,9,2,2,1.5123947181941026,1.5262894483822462,True,False,False,False,"haiqu_managed,edge_adaptive_generator",,,,,null,No local result substitutes for Haiqu mitigation,,,,,,,,
grover_2q_exhaustive,ideal_simulation,executed,evaluation,0,22027,5,ideal_aer,256,q1-q2,q1-q2@d2q2,2,cx_cx_identity_folding,"[1, 2]",01,b01,0.0,1.0,1.0,18,2,0,14,2,2,9,2,2,,,,False,,False,none,"{""01"": 1.0}",,,,null,deterministic ideal reference,,,,,,,,
grover_2q_exhaustive,raw_haiqu_execution,executed_local_fallback_not_haiqu,evaluation,0,22027,5,fake_fez,256,q1-q2,q1-q2@d2q2,2,cx_cx_identity_folding,"[1, 2]",01,b01,0.0078125,0.9921875,0.9921875000000001,18,2,0,14,2,2,9,2,2,,,,False,,False,none,"{""00"": 0.0078125, ""01"": 0.9921875}","{""00"": 0.0078125, ""01"": 0.9921875}",,,null,raw measured distribution,,,,,,,,
grover_2q_exhaustive,calibrated_readout_mitigation_only,executed_independent_readout_calibration,evaluation,0,22027,5,fake_fez,256,q1-q2,q1-q2@d2q2,2,cx_cx_identity_folding,"[1, 2]",01,b01,0.0,1.0,1.0,18,2,0,14,2,2,9,2,2,,,,False,,False,readout_assignment,"{""00"": 0.0, ""01"": 1.0, ""10"": 0.0, ""11"": 0.0}","{""00"": 0.0078125, ""01"": 0.9921875}","{""00"": 0.0, ""01"": 1.0, ""10"": 0.0, ""11"": 0.0}",,null,regularized inversion of an independently measured edge assignment matrix,0.9999989998381316,0.012129496880286101,0.024257993598703714,1.0363487486086074,1.0404520489858942,,,
grover_2q_exhaustive,learned_generator_correction_only,executed_ablation_not_recommended,evaluation,0,22027,5,fake_fez,256,q1-q2,q1-q2@d2q2,2,cx_cx_identity_folding,"[1, 2]",01,b01,0.0,1.0,1.0,18,2,0,14,2,2,9,2,2,1.5123947181941026,1.5262894483822462,True,False,,False,"alpha,gamma,kappa_down","{""00"": 0.0, ""01"": 1.0, ""10"": 0.0, ""11"": 0.0}","{""00"": 0.0078125, ""01"": 0.9921875}",,,null,v0.4 generator-only ablation; readout nuisance remains,,,,,,0.971583233153097,0.21747779070794648,0.40653881456899
grover_2q_exhaustive,learned_readout_plus_generator_correction,executed_validated_readout_fallback,evaluation,0,22027,5,fake_fez,256,q1-q2,q1-q2@d2q2,2,cx_cx_identity_folding,"[1, 2]",01,b01,0.0,1.0,1.0,18,2,0,14,2,2,9,2,2,1.5123947181941026,1.5262894483822462,True,False,False,False,readout_assignment,"{""00"": 0.0, ""01"": 1.0, ""10"": 0.0, ""11"": 0.0}","{""00"": 0.0078125, ""01"": 0.9921875}","{""00"": 0.0, ""01"": 1.0, ""10"": 0.0, ""11"": 0.0}",,null,independent validation rejected the incremental generator inverse for this edge; retained the validated readout-only correction,0.9999989998381316,0.012129496880286101,0.024257993598703714,1.0363487486086074,1.0404520489858942,,,
grover_2q_exhaustive,haiqu_mitigation_only,not_run_requires_haiqu_cloud,evaluation,0,22027,5,fake_fez,256,q1-q2,q1-q2@d2q2,2,cx_cx_identity_folding,"[1, 2]",01,b01,,,,18,2,0,14,2,2,9,2,2,,,,False,,False,haiqu_managed,,,,,null,No local result substitutes for Haiqu mitigation,,,,,,,,
grover_2q_exhaustive,learned_full_correction_plus_haiqu_mitigation,not_run_requires_haiqu_cloud,evaluation,0,22027,5,fake_fez,256,q1-q2,q1-q2@d2q2,2,cx_cx_identity_folding,"[1, 2]",01,b01,,,,18,2,0,14,2,2,9,2,2,1.5123947181941026,1.5262894483822462,True,False,False,False,"haiqu_managed,edge_adaptive_generator",,,,,null,No local result substitutes for Haiqu mitigation,,,,,,,,
grover_2q_exhaustive,ideal_simulation,executed,evaluation,0,22027,6,ideal_aer,256,q1-q2,q1-q2@d2q2,2,cx_cx_identity_folding,"[1, 2]",10,b10,0.0,1.0,1.0,18,2,0,12,2,2,10,2,2,,,,False,,False,none,"{""10"": 1.0}",,,,null,deterministic ideal reference,,,,,,,,
grover_2q_exhaustive,raw_haiqu_execution,executed_local_fallback_not_haiqu,evaluation,0,22027,6,fake_fez,256,q1-q2,q1-q2@d2q2,2,cx_cx_identity_folding,"[1, 2]",10,b10,0.0234375,0.9765625,0.9765625,18,2,0,12,2,2,10,2,2,,,,False,,False,none,"{""00"": 0.0078125, ""01"": 0.00390625, ""10"": 0.9765625, ""11"": 0.01171875}","{""00"": 0.0078125, ""01"": 0.00390625, ""10"": 0.9765625, ""11"": 0.01171875}",,,null,raw measured distribution,,,,,,,,
grover_2q_exhaustive,calibrated_readout_mitigation_only,executed_independent_readout_calibration,evaluation,0,22027,6,fake_fez,256,q1-q2,q1-q2@d2q2,2,cx_cx_identity_folding,"[1, 2]",10,b10,0.005255510786402629,0.9947444892135974,0.9947444892135974,18,2,0,12,2,2,10,2,2,,,,False,,False,readout_assignment,"{""00"": 0.0026199152085057413, ""01"": 0.002635595577896889, ""10"": 0.9947444892135974, ""11"": 0.0}","{""00"": 0.0078125, ""01"": 0.00390625, ""10"": 0.9765625, ""11"": 0.01171875}","{""00"": 0.0026199152085057413, ""01"": 0.002635595577896889, ""10"": 0.9947444892135974, ""11"": 0.0}",,null,regularized inversion of an independently measured edge assignment matrix,0.9999989880155863,0.0039056052804899346,0.00781019857656622,1.0363487486086074,1.0404520489858942,,,
grover_2q_exhaustive,learned_generator_correction_only,executed_ablation_not_recommended,evaluation,0,22027,6,fake_fez,256,q1-q2,q1-q2@d2q2,2,cx_cx_identity_folding,"[1, 2]",10,b10,0.0,1.0,1.0,18,2,0,12,2,2,10,2,2,1.5123947181941026,1.5262894483822462,True,False,,False,"alpha,gamma,kappa_down","{""00"": 0.0, ""01"": 0.0, ""10"": 1.0, ""11"": 0.0}","{""00"": 0.0078125, ""01"": 0.00390625, ""10"": 0.9765625, ""11"": 0.01171875}",,,null,v0.4 generator-only ablation; readout nuisance remains,,,,,,0.9700735505239139,0.2464989195516435,0.46307138962720085
grover_2q_exhaustive,learned_readout_plus_generator_correction,executed_validated_readout_fallback,evaluation,0,22027,6,fake_fez,256,q1-q2,q1-q2@d2q2,2,cx_cx_identity_folding,"[1, 2]",10,b10,0.005255510786402629,0.9947444892135974,0.9947444892135974,18,2,0,12,2,2,10,2,2,1.5123947181941026,1.5262894483822462,True,False,False,False,readout_assignment,"{""00"": 0.0026199152085057413, ""01"": 0.002635595577896889, ""10"": 0.9947444892135974, ""11"": 0.0}","{""00"": 0.0078125, ""01"": 0.00390625, ""10"": 0.9765625, ""11"": 0.01171875}","{""00"": 0.0026199152085057413, ""01"": 0.002635595577896889, ""10"": 0.9947444892135974, ""11"": 0.0}",,null,independent validation rejected the incremental generator inverse for this edge; retained the validated readout-only correction,0.9999989880155863,0.0039056052804899346,0.00781019857656622,1.0363487486086074,1.0404520489858942,,,
grover_2q_exhaustive,haiqu_mitigation_only,not_run_requires_haiqu_cloud,evaluation,0,22027,6,fake_fez,256,q1-q2,q1-q2@d2q2,2,cx_cx_identity_folding,"[1, 2]",10,b10,,,,18,2,0,12,2,2,10,2,2,,,,False,,False,haiqu_managed,,,,,null,No local result substitutes for Haiqu mitigation,,,,,,,,
grover_2q_exhaustive,learned_full_correction_plus_haiqu_mitigation,not_run_requires_haiqu_cloud,evaluation,0,22027,6,fake_fez,256,q1-q2,q1-q2@d2q2,2,cx_cx_identity_folding,"[1, 2]",10,b10,,,,18,2,0,12,2,2,10,2,2,1.5123947181941026,1.5262894483822462,True,False,False,False,"haiqu_managed,edge_adaptive_generator",,,,,null,No local result substitutes for Haiqu mitigation,,,,,,,,
grover_2q_exhaustive,ideal_simulation,executed,evaluation,0,22027,7,ideal_aer,256,q1-q2,q1-q2@d2q2,2,cx_cx_identity_folding,"[1, 2]",11,b11,0.0,1.0,1.0,16,2,0,12,2,2,10,2,2,,,,False,,False,none,"{""11"": 1.0}",,,,null,deterministic ideal reference,,,,,,,,
grover_2q_exhaustive,raw_haiqu_execution,executed_local_fallback_not_haiqu,evaluation,0,22027,7,fake_fez,256,q1-q2,q1-q2@d2q2,2,cx_cx_identity_folding,"[1, 2]",11,b11,0.0234375,0.9765625,0.9765625,16,2,0,12,2,2,10,2,2,,,,False,,False,none,"{""00"": 0.0078125, ""01"": 0.00390625, ""10"": 0.01171875, ""11"": 0.9765625}","{""00"": 0.0078125, ""01"": 0.00390625, ""10"": 0.01171875, ""11"": 0.9765625}",,,null,raw measured distribution,,,,,,,,
grover_2q_exhaustive,calibrated_readout_mitigation_only,executed_independent_readout_calibration,evaluation,0,22027,7,fake_fez,256,q1-q2,q1-q2@d2q2,2,cx_cx_identity_folding,"[1, 2]",11,b11,0.011948813486747735,0.9880511865132523,0.9880511865132523,16,2,0,12,2,2,10,2,2,,,,False,,False,readout_assignment,"{""00"": 0.007895648569208732, ""01"": 0.0, ""10"": 0.004053164917539034, ""11"": 0.9880511865132523}","{""00"": 0.0078125, ""01"": 0.00390625, ""10"": 0.01171875, ""11"": 0.9765625}","{""00"": 0.007895648569208732, ""01"": 0.0, ""10"": 0.004053164917539034, ""11"": 0.9880511865132523}",,null,regularized inversion of an independently measured edge assignment matrix,0.9999990079827921,7.873417358379424e-05,0.0001564763299595872,1.0363487486086074,1.0404520489858942,,,
grover_2q_exhaustive,learned_generator_correction_only,executed_ablation_not_recommended,evaluation,0,22027,7,fake_fez,256,q1-q2,q1-q2@d2q2,2,cx_cx_identity_folding,"[1, 2]",11,b11,0.0,1.0,1.0,16,2,0,12,2,2,10,2,2,1.5123947181941026,1.5262894483822462,True,False,,False,"alpha,gamma,kappa_down","{""00"": 0.0, ""01"": 0.0, ""10"": 0.0, ""11"": 1.0}","{""00"": 0.0078125, ""01"": 0.00390625, ""10"": 0.01171875, ""11"": 0.9765625}",,,null,v0.4 generator-only ablation; readout nuisance remains,,,,,,0.9703776168432785,0.21773115846581687,0.4058399337749122
grover_2q_exhaustive,learned_readout_plus_generator_correction,executed_validated_readout_fallback,evaluation,0,22027,7,fake_fez,256,q1-q2,q1-q2@d2q2,2,cx_cx_identity_folding,"[1, 2]",11,b11,0.011948813486747735,0.9880511865132523,0.9880511865132523,16,2,0,12,2,2,10,2,2,1.5123947181941026,1.5262894483822462,True,False,False,False,readout_assignment,"{""00"": 0.007895648569208732, ""01"": 0.0, ""10"": 0.004053164917539034, ""11"": 0.9880511865132523}","{""00"": 0.0078125, ""01"": 0.00390625, ""10"": 0.01171875, ""11"": 0.9765625}","{""00"": 0.007895648569208732, ""01"": 0.0, ""10"": 0.004053164917539034, ""11"": 0.9880511865132523}",,null,independent validation rejected the incremental generator inverse for this edge; retained the validated readout-only correction,0.9999990079827921,7.873417358379424e-05,0.0001564763299595872,1.0363487486086074,1.0404520489858942,,,
grover_2q_exhaustive,haiqu_mitigation_only,not_run_requires_haiqu_cloud,evaluation,0,22027,7,fake_fez,256,q1-q2,q1-q2@d2q2,2,cx_cx_identity_folding,"[1, 2]",11,b11,,,,16,2,0,12,2,2,10,2,2,,,,False,,False,haiqu_managed,,,,,null,No local result substitutes for Haiqu mitigation,,,,,,,,
grover_2q_exhaustive,learned_full_correction_plus_haiqu_mitigation,not_run_requires_haiqu_cloud,evaluation,0,22027,7,fake_fez,256,q1-q2,q1-q2@d2q2,2,cx_cx_identity_folding,"[1, 2]",11,b11,,,,16,2,0,12,2,2,10,2,2,1.5123947181941026,1.5262894483822462,True,False,False,False,"haiqu_managed,edge_adaptive_generator",,,,,null,No local result substitutes for Haiqu mitigation,,,,,,,,
grover_2q_exhaustive,ideal_simulation,executed,evaluation,0,22027,8,ideal_aer,256,q2-q3,q2-q3@d2q2,2,cx_cx_identity_folding,"[2, 3]",00,b00,0.0,1.0,1.0,20,2,0,14,2,2,9,2,2,,,,False,,False,none,"{""00"": 1.0}",,,,null,deterministic ideal reference,,,,,,,,
grover_2q_exhaustive,raw_haiqu_execution,executed_local_fallback_not_haiqu,evaluation,0,22027,8,fake_fez,256,q2-q3,q2-q3@d2q2,2,cx_cx_identity_folding,"[2, 3]",00,b00,0.0234375,0.9765625,0.9765625,20,2,0,14,2,2,9,2,2,,,,False,,False,none,"{""00"": 0.9765625, ""01"": 0.00390625, ""10"": 0.01953125}","{""00"": 0.9765625, ""01"": 0.00390625, ""10"": 0.01953125}",,,null,raw measured distribution,,,,,,,,
grover_2q_exhaustive,calibrated_readout_mitigation_only,executed_independent_readout_calibration,evaluation,0,22027,8,fake_fez,256,q2-q3,q2-q3@d2q2,2,cx_cx_identity_folding,"[2, 3]",00,b00,0.010453505020782912,0.9895464949792171,0.9895464949792171,20,2,0,14,2,2,9,2,2,,,,False,,False,readout_assignment,"{""00"": 0.9895464949792171, ""01"": 0.0, ""10"": 0.01045350502078292, ""11"": 0.0}","{""00"": 0.9765625, ""01"": 0.00390625, ""10"": 0.01953125}","{""00"": 0.9895464949792171, ""01"": 0.0, ""10"": 0.01045350502078292, ""11"": 0.0}",,null,regularized inversion of an independently measured edge assignment matrix,0.9999990366558175,0.004132865146424084,0.00826476694866574,1.0823795216020966,1.1268883243290932,,,
grover_2q_exhaustive,learned_generator_correction_only,executed_ablation_not_recommended,evaluation,0,22027,8,fake_fez,256,q2-q3,q2-q3@d2q2,2,cx_cx_identity_folding,"[2, 3]",00,b00,0.0,1.0,1.0,20,2,0,14,2,2,9,2,2,1.445719831682495,1.4403017751005103,True,False,,False,"alpha,gamma,kappa_down","{""00"": 1.0, ""01"": 0.0, ""10"": 0.0, ""11"": 0.0}","{""00"": 0.9765625, ""01"": 0.00390625, ""10"": 0.01953125}",,,null,v0.4 generator-only ablation; readout nuisance remains,,,,,,0.9708183564801788,0.20394238441286686,0.37870312530591244
grover_2q_exhaustive,learned_readout_plus_generator_correction,executed_validated_readout_fallback,evaluation,0,22027,8,fake_fez,256,q2-q3,q2-q3@d2q2,2,cx_cx_identity_folding,"[2, 3]",00,b00,0.010453505020782912,0.9895464949792171,0.9895464949792171,20,2,0,14,2,2,9,2,2,1.445719831682495,1.4403017751005103,True,False,False,False,readout_assignment,"{""00"": 0.9895464949792171, ""01"": 0.0, ""10"": 0.01045350502078292, ""11"": 0.0}","{""00"": 0.9765625, ""01"": 0.00390625, ""10"": 0.01953125}","{""00"": 0.9895464949792171, ""01"": 0.0, ""10"": 0.01045350502078292, ""11"": 0.0}",,null,independent validation rejected the incremental generator inverse for this edge; retained the validated readout-only correction,0.9999990366558175,0.004132865146424084,0.00826476694866574,1.0823795216020966,1.1268883243290932,,,
grover_2q_exhaustive,haiqu_mitigation_only,not_run_requires_haiqu_cloud,evaluation,0,22027,8,fake_fez,256,q2-q3,q2-q3@d2q2,2,cx_cx_identity_folding,"[2, 3]",00,b00,,,,20,2,0,14,2,2,9,2,2,,,,False,,False,haiqu_managed,,,,,null,No local result substitutes for Haiqu mitigation,,,,,,,,
grover_2q_exhaustive,learned_full_correction_plus_haiqu_mitigation,not_run_requires_haiqu_cloud,evaluation,0,22027,8,fake_fez,256,q2-q3,q2-q3@d2q2,2,cx_cx_identity_folding,"[2, 3]",00,b00,,,,20,2,0,14,2,2,9,2,2,1.445719831682495,1.4403017751005103,True,False,False,False,"haiqu_managed,edge_adaptive_generator",,,,,null,No local result substitutes for Haiqu mitigation,,,,,,,,
grover_2q_exhaustive,ideal_simulation,executed,evaluation,0,22027,9,ideal_aer,256,q2-q3,q2-q3@d2q2,2,cx_cx_identity_folding,"[2, 3]",01,b01,0.0,1.0,1.0,18,2,0,14,2,2,9,2,2,,,,False,,False,none,"{""01"": 1.0}",,,,null,deterministic ideal reference,,,,,,,,
grover_2q_exhaustive,raw_haiqu_execution,executed_local_fallback_not_haiqu,evaluation,0,22027,9,fake_fez,256,q2-q3,q2-q3@d2q2,2,cx_cx_identity_folding,"[2, 3]",01,b01,0.03515625,0.96484375,0.9648437500000001,18,2,0,14,2,2,9,2,2,,,,False,,False,none,"{""00"": 0.01171875, ""01"": 0.96484375, ""10"": 0.0078125, ""11"": 0.015625}","{""00"": 0.01171875, ""01"": 0.96484375, ""10"": 0.0078125, ""11"": 0.015625}",,,null,raw measured distribution,,,,,,,,
grover_2q_exhaustive,calibrated_readout_mitigation_only,executed_independent_readout_calibration,evaluation,0,22027,9,fake_fez,256,q2-q3,q2-q3@d2q2,2,cx_cx_identity_folding,"[2, 3]",01,b01,0.012124380230241795,0.9878756197697582,0.9878756197697582,18,2,0,14,2,2,9,2,2,,,,False,,False,readout_assignment,"{""00"": 0.0, ""01"": 0.9878756197697582, ""10"": 0.00820610281255632, ""11"": 0.003918277417685508}","{""00"": 0.01171875, ""01"": 0.96484375, ""10"": 0.0078125, ""11"": 0.015625}","{""00"": 0.0, ""01"": 0.9878756197697582, ""10"": 0.00820610281255632, ""11"": 0.003918277417685508}",,null,regularized inversion of an independently measured edge assignment matrix,0.9999989992112271,0.00018444721837316755,0.00036789364797342253,1.0823795216020966,1.1268883243290932,,,
grover_2q_exhaustive,learned_generator_correction_only,executed_ablation_not_recommended,evaluation,0,22027,9,fake_fez,256,q2-q3,q2-q3@d2q2,2,cx_cx_identity_folding,"[2, 3]",01,b01,0.0,1.0,1.0,18,2,0,14,2,2,9,2,2,1.445719831682495,1.4403017751005103,True,False,,False,"alpha,gamma,kappa_down","{""00"": 0.0, ""01"": 1.0, ""10"": 0.0, ""11"": 0.0}","{""00"": 0.01171875, ""01"": 0.96484375, ""10"": 0.0078125, ""11"": 0.015625}",,,null,v0.4 generator-only ablation; readout nuisance remains,,,,,,0.9711184768116758,0.1666579407419166,0.304434358295509
grover_2q_exhaustive,learned_readout_plus_generator_correction,executed_validated_readout_fallback,evaluation,0,22027,9,fake_fez,256,q2-q3,q2-q3@d2q2,2,cx_cx_identity_folding,"[2, 3]",01,b01,0.012124380230241795,0.9878756197697582,0.9878756197697582,18,2,0,14,2,2,9,2,2,1.445719831682495,1.4403017751005103,True,False,False,False,readout_assignment,"{""00"": 0.0, ""01"": 0.9878756197697582, ""10"": 0.00820610281255632, ""11"": 0.003918277417685508}","{""00"": 0.01171875, ""01"": 0.96484375, ""10"": 0.0078125, ""11"": 0.015625}","{""00"": 0.0, ""01"": 0.9878756197697582, ""10"": 0.00820610281255632, ""11"": 0.003918277417685508}",,null,independent validation rejected the incremental generator inverse for this edge; retained the validated readout-only correction,0.9999989992112271,0.00018444721837316755,0.00036789364797342253,1.0823795216020966,1.1268883243290932,,,
grover_2q_exhaustive,haiqu_mitigation_only,not_run_requires_haiqu_cloud,evaluation,0,22027,9,fake_fez,256,q2-q3,q2-q3@d2q2,2,cx_cx_identity_folding,"[2, 3]",01,b01,,,,18,2,0,14,2,2,9,2,2,,,,False,,False,haiqu_managed,,,,,null,No local result substitutes for Haiqu mitigation,,,,,,,,
grover_2q_exhaustive,learned_full_correction_plus_haiqu_mitigation,not_run_requires_haiqu_cloud,evaluation,0,22027,9,fake_fez,256,q2-q3,q2-q3@d2q2,2,cx_cx_identity_folding,"[2, 3]",01,b01,,,,18,2,0,14,2,2,9,2,2,1.445719831682495,1.4403017751005103,True,False,False,False,"haiqu_managed,edge_adaptive_generator",,,,,null,No local result substitutes for Haiqu mitigation,,,,,,,,
grover_2q_exhaustive,ideal_simulation,executed,evaluation,0,22027,10,ideal_aer,256,q2-q3,q2-q3@d2q2,2,cx_cx_identity_folding,"[2, 3]",10,b10,0.0,1.0,1.0,18,2,0,12,2,2,10,2,2,,,,False,,False,none,"{""10"": 1.0}",,,,null,deterministic ideal reference,,,,,,,,
grover_2q_exhaustive,raw_haiqu_execution,executed_local_fallback_not_haiqu,evaluation,0,22027,10,fake_fez,256,q2-q3,q2-q3@d2q2,2,cx_cx_identity_folding,"[2, 3]",10,b10,0.03125,0.96875,0.96875,18,2,0,12,2,2,10,2,2,,,,False,,False,none,"{""00"": 0.02734375, ""10"": 0.96875, ""11"": 0.00390625}","{""00"": 0.02734375, ""10"": 0.96875, ""11"": 0.00390625}",,,null,raw measured distribution,,,,,,,,
grover_2q_exhaustive,calibrated_readout_mitigation_only,executed_independent_readout_calibration,evaluation,0,22027,10,fake_fez,256,q2-q3,q2-q3@d2q2,2,cx_cx_identity_folding,"[2, 3]",10,b10,0.0,1.0,1.0,18,2,0,12,2,2,10,2,2,,,,False,,False,readout_assignment,"{""00"": 0.0, ""01"": 0.0, ""10"": 1.0, ""11"": 0.0}","{""00"": 0.02734375, ""10"": 0.96875, ""11"": 0.00390625}","{""00"": 0.0, ""01"": 0.0, ""10"": 1.0, ""11"": 0.0}",,null,regularized inversion of an independently measured edge assignment matrix,0.9999989519849921,0.02966169781525043,0.05932234761549297,1.0823795216020966,1.1268883243290932,,,
grover_2q_exhaustive,learned_generator_correction_only,executed_ablation_not_recommended,evaluation,0,22027,10,fake_fez,256,q2-q3,q2-q3@d2q2,2,cx_cx_identity_folding,"[2, 3]",10,b10,0.0,1.0,1.0,18,2,0,12,2,2,10,2,2,1.445719831682495,1.4403017751005103,True,False,,False,"alpha,gamma,kappa_down","{""00"": 0.0, ""01"": 0.0, ""10"": 1.0, ""11"": 0.0}","{""00"": 0.02734375, ""10"": 0.96875, ""11"": 0.00390625}",,,null,v0.4 generator-only ablation; readout nuisance remains,,,,,,0.9709797323452163,0.16974222111476678,0.31046417457474984
grover_2q_exhaustive,learned_readout_plus_generator_correction,executed_validated_readout_fallback,evaluation,0,22027,10,fake_fez,256,q2-q3,q2-q3@d2q2,2,cx_cx_identity_folding,"[2, 3]",10,b10,0.0,1.0,1.0,18,2,0,12,2,2,10,2,2,1.445719831682495,1.4403017751005103,True,False,False,False,readout_assignment,"{""00"": 0.0, ""01"": 0.0, ""10"": 1.0, ""11"": 0.0}","{""00"": 0.02734375, ""10"": 0.96875, ""11"": 0.00390625}","{""00"": 0.0, ""01"": 0.0, ""10"": 1.0, ""11"": 0.0}",,null,independent validation rejected the incremental generator inverse for this edge; retained the validated readout-only correction,0.9999989519849921,0.02966169781525043,0.05932234761549297,1.0823795216020966,1.1268883243290932,,,
grover_2q_exhaustive,haiqu_mitigation_only,not_run_requires_haiqu_cloud,evaluation,0,22027,10,fake_fez,256,q2-q3,q2-q3@d2q2,2,cx_cx_identity_folding,"[2, 3]",10,b10,,,,18,2,0,12,2,2,10,2,2,,,,False,,False,haiqu_managed,,,,,null,No local result substitutes for Haiqu mitigation,,,,,,,,
grover_2q_exhaustive,learned_full_correction_plus_haiqu_mitigation,not_run_requires_haiqu_cloud,evaluation,0,22027,10,fake_fez,256,q2-q3,q2-q3@d2q2,2,cx_cx_identity_folding,"[2, 3]",10,b10,,,,18,2,0,12,2,2,10,2,2,1.445719831682495,1.4403017751005103,True,False,False,False,"haiqu_managed,edge_adaptive_generator",,,,,null,No local result substitutes for Haiqu mitigation,,,,,,,,
grover_2q_exhaustive,ideal_simulation,executed,evaluation,0,22027,11,ideal_aer,256,q2-q3,q2-q3@d2q2,2,cx_cx_identity_folding,"[2, 3]",11,b11,0.0,1.0,1.0,16,2,0,12,2,2,10,2,2,,,,False,,False,none,"{""11"": 1.0}",,,,null,deterministic ideal reference,,,,,,,,
grover_2q_exhaustive,raw_haiqu_execution,executed_local_fallback_not_haiqu,evaluation,0,22027,11,fake_fez,256,q2-q3,q2-q3@d2q2,2,cx_cx_identity_folding,"[2, 3]",11,b11,0.0078125,0.9921875,0.9921875000000001,16,2,0,12,2,2,10,2,2,,,,False,,False,none,"{""01"": 0.0078125, ""11"": 0.9921875}","{""01"": 0.0078125, ""11"": 0.9921875}",,,null,raw measured distribution,,,,,,,,
grover_2q_exhaustive,calibrated_readout_mitigation_only,executed_independent_readout_calibration,evaluation,0,22027,11,fake_fez,256,q2-q3,q2-q3@d2q2,2,cx_cx_identity_folding,"[2, 3]",11,b11,0.0,1.0,1.0,16,2,0,12,2,2,10,2,2,,,,False,,False,readout_assignment,"{""00"": 0.0, ""01"": 0.0, ""10"": 0.0, ""11"": 1.0}","{""01"": 0.0078125, ""11"": 0.9921875}","{""00"": 0.0, ""01"": 0.0, ""10"": 0.0, ""11"": 1.0}",,null,regularized inversion of an independently measured edge assignment matrix,0.9999990094803674,0.016701025754251093,0.03340106098886951,1.0823795216020966,1.1268883243290932,,,
grover_2q_exhaustive,learned_generator_correction_only,executed_ablation_not_recommended,evaluation,0,22027,11,fake_fez,256,q2-q3,q2-q3@d2q2,2,cx_cx_identity_folding,"[2, 3]",11,b11,0.0,1.0,1.0,16,2,0,12,2,2,10,2,2,1.445719831682495,1.4403017751005103,True,False,,False,"alpha,gamma,kappa_down","{""00"": 0.0, ""01"": 0.0, ""10"": 0.0, ""11"": 1.0}","{""01"": 0.0078125, ""11"": 0.9921875}",,,null,v0.4 generator-only ablation; readout nuisance remains,,,,,,0.9705640352854171,0.18726470788932378,0.34509345106406475
grover_2q_exhaustive,learned_readout_plus_generator_correction,executed_validated_readout_fallback,evaluation,0,22027,11,fake_fez,256,q2-q3,q2-q3@d2q2,2,cx_cx_identity_folding,"[2, 3]",11,b11,0.0,1.0,1.0,16,2,0,12,2,2,10,2,2,1.445719831682495,1.4403017751005103,True,False,False,False,readout_assignment,"{""00"": 0.0, ""01"": 0.0, ""10"": 0.0, ""11"": 1.0}","{""01"": 0.0078125, ""11"": 0.9921875}","{""00"": 0.0, ""01"": 0.0, ""10"": 0.0, ""11"": 1.0}",,null,independent validation rejected the incremental generator inverse for this edge; retained the validated readout-only correction,0.9999990094803674,0.016701025754251093,0.03340106098886951,1.0823795216020966,1.1268883243290932,,,
grover_2q_exhaustive,haiqu_mitigation_only,not_run_requires_haiqu_cloud,evaluation,0,22027,11,fake_fez,256,q2-q3,q2-q3@d2q2,2,cx_cx_identity_folding,"[2, 3]",11,b11,,,,16,2,0,12,2,2,10,2,2,,,,False,,False,haiqu_managed,,,,,null,No local result substitutes for Haiqu mitigation,,,,,,,,
grover_2q_exhaustive,learned_full_correction_plus_haiqu_mitigation,not_run_requires_haiqu_cloud,evaluation,0,22027,11,fake_fez,256,q2-q3,q2-q3@d2q2,2,cx_cx_identity_folding,"[2, 3]",11,b11,,,,16,2,0,12,2,2,10,2,2,1.445719831682495,1.4403017751005103,True,False,False,False,"haiqu_managed,edge_adaptive_generator",,,,,null,No local result substitutes for Haiqu mitigation,,,,,,,,
grover_2q_exhaustive,ideal_simulation,executed,evaluation,0,22027,12,ideal_aer,256,q3-q4,q3-q4@d2q2,2,cx_cx_identity_folding,"[3, 4]",00,b00,0.0,1.0,1.0,20,2,0,14,2,2,9,2,2,,,,False,,False,none,"{""00"": 1.0}",,,,null,deterministic ideal reference,,,,,,,,
grover_2q_exhaustive,raw_haiqu_execution,executed_local_fallback_not_haiqu,evaluation,0,22027,12,fake_fez,256,q3-q4,q3-q4@d2q2,2,cx_cx_identity_folding,"[3, 4]",00,b00,0.02734375,0.97265625,0.9726562499999999,20,2,0,14,2,2,9,2,2,,,,False,,False,none,"{""00"": 0.97265625, ""01"": 0.0234375, ""11"": 0.00390625}","{""00"": 0.97265625, ""01"": 0.0234375, ""11"": 0.00390625}",,,null,raw measured distribution,,,,,,,,
grover_2q_exhaustive,calibrated_readout_mitigation_only,executed_independent_readout_calibration,evaluation,0,22027,12,fake_fez,256,q3-q4,q3-q4@d2q2,2,cx_cx_identity_folding,"[3, 4]",00,b00,0.019889861676923977,0.980110138323076,0.9801101383230761,20,2,0,14,2,2,9,2,2,,,,False,,False,readout_assignment,"{""00"": 0.980110138323076, ""01"": 0.015936082452424474, ""10"": 0.0, ""11"": 0.003953779224499512}","{""00"": 0.97265625, ""01"": 0.0234375, ""11"": 0.00390625}","{""00"": 0.980110138323076, ""01"": 0.015936082452424474, ""10"": 0.0, ""11"": 0.003953779224499512}",,null,regularized inversion of an independently measured edge assignment matrix,0.9999990078142784,4.781972683618704e-05,9.464726795089146e-05,1.0429927831571872,1.0570713612597942,,,
grover_2q_exhaustive,learned_generator_correction_only,executed_ablation_not_recommended,evaluation,0,22027,12,fake_fez,256,q3-q4,q3-q4@d2q2,2,cx_cx_identity_folding,"[3, 4]",00,b00,0.0,1.0,1.0,20,2,0,14,2,2,9,2,2,1.4099623356777673,1.4045981495243671,True,False,,False,"alpha,gamma,kappa_down","{""00"": 1.0, ""01"": 0.0, ""10"": 0.0, ""11"": 0.0}","{""00"": 0.97265625, ""01"": 0.0234375, ""11"": 0.00390625}",,,null,v0.4 generator-only ablation; readout nuisance remains,,,,,,0.9704339150424024,0.18214366585834993,0.3347212467591023
grover_2q_exhaustive,learned_readout_plus_generator_correction,executed_validated_readout_fallback,evaluation,0,22027,12,fake_fez,256,q3-q4,q3-q4@d2q2,2,cx_cx_identity_folding,"[3, 4]",00,b00,0.019889861676923977,0.980110138323076,0.9801101383230761,20,2,0,14,2,2,9,2,2,1.4099623356777673,1.4045981495243671,True,False,False,False,readout_assignment,"{""00"": 0.980110138323076, ""01"": 0.015936082452424474, ""10"": 0.0, ""11"": 0.003953779224499512}","{""00"": 0.97265625, ""01"": 0.0234375, ""11"": 0.00390625}","{""00"": 0.980110138323076, ""01"": 0.015936082452424474, ""10"": 0.0, ""11"": 0.003953779224499512}",,null,independent validation rejected the incremental generator inverse for this edge; retained the validated readout-only correction,0.9999990078142784,4.781972683618704e-05,9.464726795089146e-05,1.0429927831571872,1.0570713612597942,,,
grover_2q_exhaustive,haiqu_mitigation_only,not_run_requires_haiqu_cloud,evaluation,0,22027,12,fake_fez,256,q3-q4,q3-q4@d2q2,2,cx_cx_identity_folding,"[3, 4]",00,b00,,,,20,2,0,14,2,2,9,2,2,,,,False,,False,haiqu_managed,,,,,null,No local result substitutes for Haiqu mitigation,,,,,,,,
grover_2q_exhaustive,learned_full_correction_plus_haiqu_mitigation,not_run_requires_haiqu_cloud,evaluation,0,22027,12,fake_fez,256,q3-q4,q3-q4@d2q2,2,cx_cx_identity_folding,"[3, 4]",00,b00,,,,20,2,0,14,2,2,9,2,2,1.4099623356777673,1.4045981495243671,True,False,False,False,"haiqu_managed,edge_adaptive_generator",,,,,null,No local result substitutes for Haiqu mitigation,,,,,,,,
grover_2q_exhaustive,ideal_simulation,executed,evaluation,0,22027,13,ideal_aer,256,q3-q4,q3-q4@d2q2,2,cx_cx_identity_folding,"[3, 4]",01,b01,0.0,1.0,1.0,18,2,0,14,2,2,9,2,2,,,,False,,False,none,"{""01"": 1.0}",,,,null,deterministic ideal reference,,,,,,,,
grover_2q_exhaustive,raw_haiqu_execution,executed_local_fallback_not_haiqu,evaluation,0,22027,13,fake_fez,256,q3-q4,q3-q4@d2q2,2,cx_cx_identity_folding,"[3, 4]",01,b01,0.0234375,0.9765625,0.9765625,18,2,0,14,2,2,9,2,2,,,,False,,False,none,"{""00"": 0.01953125, ""01"": 0.9765625, ""10"": 0.00390625}","{""00"": 0.01953125, ""01"": 0.9765625, ""10"": 0.00390625}",,,null,raw measured distribution,,,,,,,,
grover_2q_exhaustive,calibrated_readout_mitigation_only,executed_independent_readout_calibration,evaluation,0,22027,13,fake_fez,256,q3-q4,q3-q4@d2q2,2,cx_cx_identity_folding,"[3, 4]",01,b01,0.01195312224447637,0.9880468777555237,0.9880468777555237,18,2,0,14,2,2,9,2,2,,,,False,,False,readout_assignment,"{""00"": 0.007967457878954972, ""01"": 0.9880468777555237, ""10"": 0.003985664365521456, ""11"": 0.0}","{""00"": 0.01953125, ""01"": 0.9765625, ""10"": 0.00390625}","{""00"": 0.007967457878954972, ""01"": 0.9880468777555237, ""10"": 0.003985664365521456, ""11"": 0.0}",,null,regularized inversion of an independently measured edge assignment matrix,0.999998999904263,9.564373031581571e-05,0.00019028736489459948,1.0429927831571872,1.0570713612597942,,,
grover_2q_exhaustive,learned_generator_correction_only,executed_ablation_not_recommended,evaluation,0,22027,13,fake_fez,256,q3-q4,q3-q4@d2q2,2,cx_cx_identity_folding,"[3, 4]",01,b01,0.0,1.0,1.0,18,2,0,14,2,2,9,2,2,1.4099623356777673,1.4045981495243671,True,False,,False,"alpha,gamma,kappa_down","{""00"": 0.0, ""01"": 1.0, ""10"": 0.0, ""11"": 0.0}","{""00"": 0.01953125, ""01"": 0.9765625, ""10"": 0.00390625}",,,null,v0.4 generator-only ablation; readout nuisance remains,,,,,,0.9706738894175398,0.16868987485749998,0.3080536391325396
grover_2q_exhaustive,learned_readout_plus_generator_correction,executed_validated_readout_fallback,evaluation,0,22027,13,fake_fez,256,q3-q4,q3-q4@d2q2,2,cx_cx_identity_folding,"[3, 4]",01,b01,0.01195312224447637,0.9880468777555237,0.9880468777555237,18,2,0,14,2,2,9,2,2,1.4099623356777673,1.4045981495243671,True,False,False,False,readout_assignment,"{""00"": 0.007967457878954972, ""01"": 0.9880468777555237, ""10"": 0.003985664365521456, ""11"": 0.0}","{""00"": 0.01953125, ""01"": 0.9765625, ""10"": 0.00390625}","{""00"": 0.007967457878954972, ""01"": 0.9880468777555237, ""10"": 0.003985664365521456, ""11"": 0.0}",,null,independent validation rejected the incremental generator inverse for this edge; retained the validated readout-only correction,0.999998999904263,9.564373031581571e-05,0.00019028736489459948,1.0429927831571872,1.0570713612597942,,,
grover_2q_exhaustive,haiqu_mitigation_only,not_run_requires_haiqu_cloud,evaluation,0,22027,13,fake_fez,256,q3-q4,q3-q4@d2q2,2,cx_cx_identity_folding,"[3, 4]",01,b01,,,,18,2,0,14,2,2,9,2,2,,,,False,,False,haiqu_managed,,,,,null,No local result substitutes for Haiqu mitigation,,,,,,,,
grover_2q_exhaustive,learned_full_correction_plus_haiqu_mitigation,not_run_requires_haiqu_cloud,evaluation,0,22027,13,fake_fez,256,q3-q4,q3-q4@d2q2,2,cx_cx_identity_folding,"[3, 4]",01,b01,,,,18,2,0,14,2,2,9,2,2,1.4099623356777673,1.4045981495243671,True,False,False,False,"haiqu_managed,edge_adaptive_generator",,,,,null,No local result substitutes for Haiqu mitigation,,,,,,,,
grover_2q_exhaustive,ideal_simulation,executed,evaluation,0,22027,14,ideal_aer,256,q3-q4,q3-q4@d2q2,2,cx_cx_identity_folding,"[3, 4]",10,b10,0.0,1.0,1.0,18,2,0,12,2,2,10,2,2,,,,False,,False,none,"{""10"": 1.0}",,,,null,deterministic ideal reference,,,,,,,,
grover_2q_exhaustive,raw_haiqu_execution,executed_local_fallback_not_haiqu,evaluation,0,22027,14,fake_fez,256,q3-q4,q3-q4@d2q2,2,cx_cx_identity_folding,"[3, 4]",10,b10,0.0234375,0.9765625,0.9765625,18,2,0,12,2,2,10,2,2,,,,False,,False,none,"{""10"": 0.9765625, ""11"": 0.0234375}","{""10"": 0.9765625, ""11"": 0.0234375}",,,null,raw measured distribution,,,,,,,,
grover_2q_exhaustive,calibrated_readout_mitigation_only,executed_independent_readout_calibration,evaluation,0,22027,14,fake_fez,256,q3-q4,q3-q4@d2q2,2,cx_cx_identity_folding,"[3, 4]",10,b10,0.0,1.0,1.0,18,2,0,12,2,2,10,2,2,,,,False,,False,readout_assignment,"{""00"": 0.0, ""01"": 0.0, ""10"": 1.0, ""11"": 0.0}","{""10"": 0.9765625, ""11"": 0.0234375}","{""00"": 0.0, ""01"": 0.0, ""10"": 1.0, ""11"": 0.0}",,null,regularized inversion of an independently measured edge assignment matrix,0.9999989837394003,0.004048799195162972,0.008096582129726356,1.0429927831571872,1.0570713612597942,,,
grover_2q_exhaustive,learned_generator_correction_only,executed_ablation_not_recommended,evaluation,0,22027,14,fake_fez,256,q3-q4,q3-q4@d2q2,2,cx_cx_identity_folding,"[3, 4]",10,b10,0.0,1.0,1.0,18,2,0,12,2,2,10,2,2,1.4099623356777673,1.4045981495243671,True,False,,False,"alpha,gamma,kappa_down","{""00"": 0.0, ""01"": 0.0, ""10"": 1.0, ""11"": 0.0}","{""10"": 0.9765625, ""11"": 0.0234375}",,,null,v0.4 generator-only ablation; readout nuisance remains,,,,,,0.9709972838340625,0.16189558339825294,0.29478845063056847
grover_2q_exhaustive,learned_readout_plus_generator_correction,executed_validated_readout_fallback,evaluation,0,22027,14,fake_fez,256,q3-q4,q3-q4@d2q2,2,cx_cx_identity_folding,"[3, 4]",10,b10,0.0,1.0,1.0,18,2,0,12,2,2,10,2,2,1.4099623356777673,1.4045981495243671,True,False,False,False,readout_assignment,"{""00"": 0.0, ""01"": 0.0, ""10"": 1.0, ""11"": 0.0}","{""10"": 0.9765625, ""11"": 0.0234375}","{""00"": 0.0, ""01"": 0.0, ""10"": 1.0, ""11"": 0.0}",,null,independent validation rejected the incremental generator inverse for this edge; retained the validated readout-only correction,0.9999989837394003,0.004048799195162972,0.008096582129726356,1.0429927831571872,1.0570713612597942,,,
grover_2q_exhaustive,haiqu_mitigation_only,not_run_requires_haiqu_cloud,evaluation,0,22027,14,fake_fez,256,q3-q4,q3-q4@d2q2,2,cx_cx_identity_folding,"[3, 4]",10,b10,,,,18,2,0,12,2,2,10,2,2,,,,False,,False,haiqu_managed,,,,,null,No local result substitutes for Haiqu mitigation,,,,,,,,
grover_2q_exhaustive,learned_full_correction_plus_haiqu_mitigation,not_run_requires_haiqu_cloud,evaluation,0,22027,14,fake_fez,256,q3-q4,q3-q4@d2q2,2,cx_cx_identity_folding,"[3, 4]",10,b10,,,,18,2,0,12,2,2,10,2,2,1.4099623356777673,1.4045981495243671,True,False,False,False,"haiqu_managed,edge_adaptive_generator",,,,,null,No local result substitutes for Haiqu mitigation,,,,,,,,
grover_2q_exhaustive,ideal_simulation,executed,evaluation,0,22027,15,ideal_aer,256,q3-q4,q3-q4@d2q2,2,cx_cx_identity_folding,"[3, 4]",11,b11,0.0,1.0,1.0,16,2,0,12,2,2,10,2,2,,,,False,,False,none,"{""11"": 1.0}",,,,null,deterministic ideal reference,,,,,,,,
grover_2q_exhaustive,raw_haiqu_execution,executed_local_fallback_not_haiqu,evaluation,0,22027,15,fake_fez,256,q3-q4,q3-q4@d2q2,2,cx_cx_identity_folding,"[3, 4]",11,b11,0.0234375,0.9765625,0.9765625,16,2,0,12,2,2,10,2,2,,,,False,,False,none,"{""10"": 0.0234375, ""11"": 0.9765625}","{""10"": 0.0234375, ""11"": 0.9765625}",,,null,raw measured distribution,,,,,,,,
grover_2q_exhaustive,calibrated_readout_mitigation_only,executed_independent_readout_calibration,evaluation,0,22027,15,fake_fez,256,q3-q4,q3-q4@d2q2,2,cx_cx_identity_folding,"[3, 4]",11,b11,0.01018703798659587,0.9898129620134042,0.9898129620134043,16,2,0,12,2,2,10,2,2,,,,False,,False,readout_assignment,"{""00"": 0.0, ""01"": 0.0, ""10"": 0.010187037986595924, ""11"": 0.9898129620134042}","{""10"": 0.0234375, ""11"": 0.9765625}","{""00"": 0.0, ""01"": 0.0, ""10"": 0.010187037986595924, ""11"": 0.9898129620134042}",,null,regularized inversion of an independently measured edge assignment matrix,0.9999990080579183,0.003921560784869695,0.007842129627657603,1.0429927831571872,1.0570713612597942,,,
grover_2q_exhaustive,learned_generator_correction_only,executed_ablation_not_recommended,evaluation,0,22027,15,fake_fez,256,q3-q4,q3-q4@d2q2,2,cx_cx_identity_folding,"[3, 4]",11,b11,0.0,1.0,1.0,16,2,0,12,2,2,10,2,2,1.4099623356777673,1.4045981495243671,True,False,,False,"alpha,gamma,kappa_down","{""00"": 0.0, ""01"": 0.0, ""10"": 0.0, ""11"": 1.0}","{""10"": 0.0234375, ""11"": 0.9765625}",,,null,v0.4 generator-only ablation; readout nuisance remains,,,,,,0.9713838540958384,0.1417545895171788,0.25489303313019596
grover_2q_exhaustive,learned_readout_plus_generator_correction,executed_validated_readout_fallback,evaluation,0,22027,15,fake_fez,256,q3-q4,q3-q4@d2q2,2,cx_cx_identity_folding,"[3, 4]",11,b11,0.01018703798659587,0.9898129620134042,0.9898129620134043,16,2,0,12,2,2,10,2,2,1.4099623356777673,1.4045981495243671,True,False,False,False,readout_assignment,"{""00"": 0.0, ""01"": 0.0, ""10"": 0.010187037986595924, ""11"": 0.9898129620134042}","{""10"": 0.0234375, ""11"": 0.9765625}","{""00"": 0.0, ""01"": 0.0, ""10"": 0.010187037986595924, ""11"": 0.9898129620134042}",,null,independent validation rejected the incremental generator inverse for this edge; retained the validated readout-only correction,0.9999990080579183,0.003921560784869695,0.007842129627657603,1.0429927831571872,1.0570713612597942,,,
grover_2q_exhaustive,haiqu_mitigation_only,not_run_requires_haiqu_cloud,evaluation,0,22027,15,fake_fez,256,q3-q4,q3-q4@d2q2,2,cx_cx_identity_folding,"[3, 4]",11,b11,,,,16,2,0,12,2,2,10,2,2,,,,False,,False,haiqu_managed,,,,,null,No local result substitutes for Haiqu mitigation,,,,,,,,
grover_2q_exhaustive,learned_full_correction_plus_haiqu_mitigation,not_run_requires_haiqu_cloud,evaluation,0,22027,15,fake_fez,256,q3-q4,q3-q4@d2q2,2,cx_cx_identity_folding,"[3, 4]",11,b11,,,,16,2,0,12,2,2,10,2,2,1.4099623356777673,1.4045981495243671,True,False,False,False,"haiqu_managed,edge_adaptive_generator",,,,,null,No local result substitutes for Haiqu mitigation,,,,,,,,
