circuit_name,stage,device_id,depth,two_qubit_depth,two_qubit_gate_count,active_qubits,mapped_physical_qubits,estimated_fidelity,estimated_survival_rate,estimated_cost_usd,analytics_source,circuit_kind,benchmark_variant
diag_1q_q0_f0,original,fake_fez,4,0,0,1,[0],,,,local_qiskit,diagnostic,
diag_1q_q0_f1,original,fake_fez,5,0,0,1,[0],,,,local_qiskit,diagnostic,
diag_1q_q0_f2,original,fake_fez,3,0,0,1,[0],,,,local_qiskit,diagnostic,
diag_1q_q0_f3,original,fake_fez,5,0,0,1,[0],,,,local_qiskit,diagnostic,
diag_1q_q0_f4,original,fake_fez,6,0,0,1,[0],,,,local_qiskit,diagnostic,
diag_1q_q0_f5,original,fake_fez,4,0,0,1,[0],,,,local_qiskit,diagnostic,
diag_1q_q0_f6,original,fake_fez,5,0,0,1,[0],,,,local_qiskit,diagnostic,
diag_1q_q0_f7,original,fake_fez,6,0,0,1,[0],,,,local_qiskit,diagnostic,
diag_1q_q0_f8,original,fake_fez,4,0,0,1,[0],,,,local_qiskit,diagnostic,
diag_1q_q0_f9,original,fake_fez,5,0,0,1,[0],,,,local_qiskit,diagnostic,
diag_1q_q0_f10,original,fake_fez,6,0,0,1,[0],,,,local_qiskit,diagnostic,
diag_1q_q0_f11,original,fake_fez,4,0,0,1,[0],,,,local_qiskit,diagnostic,
diag_1q_q0_f12,original,fake_fez,3,0,0,1,[0],,,,local_qiskit,diagnostic,
diag_1q_q0_f13,original,fake_fez,4,0,0,1,[0],,,,local_qiskit,diagnostic,
diag_1q_q0_f14,original,fake_fez,2,0,0,1,[0],,,,local_qiskit,diagnostic,
diag_1q_q0_f15,original,fake_fez,4,0,0,1,[0],,,,local_qiskit,diagnostic,
diag_1q_q0_f16,original,fake_fez,5,0,0,1,[0],,,,local_qiskit,diagnostic,
diag_1q_q0_f17,original,fake_fez,3,0,0,1,[0],,,,local_qiskit,diagnostic,
diag_1q_q1_f0,original,fake_fez,4,0,0,1,[1],,,,local_qiskit,diagnostic,
diag_1q_q1_f1,original,fake_fez,5,0,0,1,[1],,,,local_qiskit,diagnostic,
diag_1q_q1_f2,original,fake_fez,3,0,0,1,[1],,,,local_qiskit,diagnostic,
diag_1q_q1_f3,original,fake_fez,5,0,0,1,[1],,,,local_qiskit,diagnostic,
diag_1q_q1_f4,original,fake_fez,6,0,0,1,[1],,,,local_qiskit,diagnostic,
diag_1q_q1_f5,original,fake_fez,4,0,0,1,[1],,,,local_qiskit,diagnostic,
diag_1q_q1_f6,original,fake_fez,5,0,0,1,[1],,,,local_qiskit,diagnostic,
diag_1q_q1_f7,original,fake_fez,6,0,0,1,[1],,,,local_qiskit,diagnostic,
diag_1q_q1_f8,original,fake_fez,4,0,0,1,[1],,,,local_qiskit,diagnostic,
diag_1q_q1_f9,original,fake_fez,5,0,0,1,[1],,,,local_qiskit,diagnostic,
diag_1q_q1_f10,original,fake_fez,6,0,0,1,[1],,,,local_qiskit,diagnostic,
diag_1q_q1_f11,original,fake_fez,4,0,0,1,[1],,,,local_qiskit,diagnostic,
diag_1q_q1_f12,original,fake_fez,3,0,0,1,[1],,,,local_qiskit,diagnostic,
diag_1q_q1_f13,original,fake_fez,4,0,0,1,[1],,,,local_qiskit,diagnostic,
diag_1q_q1_f14,original,fake_fez,2,0,0,1,[1],,,,local_qiskit,diagnostic,
diag_1q_q1_f15,original,fake_fez,4,0,0,1,[1],,,,local_qiskit,diagnostic,
diag_1q_q1_f16,original,fake_fez,5,0,0,1,[1],,,,local_qiskit,diagnostic,
diag_1q_q1_f17,original,fake_fez,3,0,0,1,[1],,,,local_qiskit,diagnostic,
diag_1q_q2_f0,original,fake_fez,4,0,0,1,[2],,,,local_qiskit,diagnostic,
diag_1q_q2_f1,original,fake_fez,5,0,0,1,[2],,,,local_qiskit,diagnostic,
diag_1q_q2_f2,original,fake_fez,3,0,0,1,[2],,,,local_qiskit,diagnostic,
diag_1q_q2_f3,original,fake_fez,5,0,0,1,[2],,,,local_qiskit,diagnostic,
diag_1q_q2_f4,original,fake_fez,6,0,0,1,[2],,,,local_qiskit,diagnostic,
diag_1q_q2_f5,original,fake_fez,4,0,0,1,[2],,,,local_qiskit,diagnostic,
diag_1q_q2_f6,original,fake_fez,5,0,0,1,[2],,,,local_qiskit,diagnostic,
diag_1q_q2_f7,original,fake_fez,6,0,0,1,[2],,,,local_qiskit,diagnostic,
diag_1q_q2_f8,original,fake_fez,4,0,0,1,[2],,,,local_qiskit,diagnostic,
diag_1q_q2_f9,original,fake_fez,5,0,0,1,[2],,,,local_qiskit,diagnostic,
diag_1q_q2_f10,original,fake_fez,6,0,0,1,[2],,,,local_qiskit,diagnostic,
diag_1q_q2_f11,original,fake_fez,4,0,0,1,[2],,,,local_qiskit,diagnostic,
diag_1q_q2_f12,original,fake_fez,3,0,0,1,[2],,,,local_qiskit,diagnostic,
diag_1q_q2_f13,original,fake_fez,4,0,0,1,[2],,,,local_qiskit,diagnostic,
diag_1q_q2_f14,original,fake_fez,2,0,0,1,[2],,,,local_qiskit,diagnostic,
diag_1q_q2_f15,original,fake_fez,4,0,0,1,[2],,,,local_qiskit,diagnostic,
diag_1q_q2_f16,original,fake_fez,5,0,0,1,[2],,,,local_qiskit,diagnostic,
diag_1q_q2_f17,original,fake_fez,3,0,0,1,[2],,,,local_qiskit,diagnostic,
diag_1q_q3_f0,original,fake_fez,4,0,0,1,[3],,,,local_qiskit,diagnostic,
diag_1q_q3_f1,original,fake_fez,5,0,0,1,[3],,,,local_qiskit,diagnostic,
diag_1q_q3_f2,original,fake_fez,3,0,0,1,[3],,,,local_qiskit,diagnostic,
diag_1q_q3_f3,original,fake_fez,5,0,0,1,[3],,,,local_qiskit,diagnostic,
diag_1q_q3_f4,original,fake_fez,6,0,0,1,[3],,,,local_qiskit,diagnostic,
diag_1q_q3_f5,original,fake_fez,4,0,0,1,[3],,,,local_qiskit,diagnostic,
diag_1q_q3_f6,original,fake_fez,5,0,0,1,[3],,,,local_qiskit,diagnostic,
diag_1q_q3_f7,original,fake_fez,6,0,0,1,[3],,,,local_qiskit,diagnostic,
diag_1q_q3_f8,original,fake_fez,4,0,0,1,[3],,,,local_qiskit,diagnostic,
diag_1q_q3_f9,original,fake_fez,5,0,0,1,[3],,,,local_qiskit,diagnostic,
diag_1q_q3_f10,original,fake_fez,6,0,0,1,[3],,,,local_qiskit,diagnostic,
diag_1q_q3_f11,original,fake_fez,4,0,0,1,[3],,,,local_qiskit,diagnostic,
diag_1q_q3_f12,original,fake_fez,3,0,0,1,[3],,,,local_qiskit,diagnostic,
diag_1q_q3_f13,original,fake_fez,4,0,0,1,[3],,,,local_qiskit,diagnostic,
diag_1q_q3_f14,original,fake_fez,2,0,0,1,[3],,,,local_qiskit,diagnostic,
diag_1q_q3_f15,original,fake_fez,4,0,0,1,[3],,,,local_qiskit,diagnostic,
diag_1q_q3_f16,original,fake_fez,5,0,0,1,[3],,,,local_qiskit,diagnostic,
diag_1q_q3_f17,original,fake_fez,3,0,0,1,[3],,,,local_qiskit,diagnostic,
diag_1q_q4_f0,original,fake_fez,4,0,0,1,[4],,,,local_qiskit,diagnostic,
diag_1q_q4_f1,original,fake_fez,5,0,0,1,[4],,,,local_qiskit,diagnostic,
diag_1q_q4_f2,original,fake_fez,3,0,0,1,[4],,,,local_qiskit,diagnostic,
diag_1q_q4_f3,original,fake_fez,5,0,0,1,[4],,,,local_qiskit,diagnostic,
diag_1q_q4_f4,original,fake_fez,6,0,0,1,[4],,,,local_qiskit,diagnostic,
diag_1q_q4_f5,original,fake_fez,4,0,0,1,[4],,,,local_qiskit,diagnostic,
diag_1q_q4_f6,original,fake_fez,5,0,0,1,[4],,,,local_qiskit,diagnostic,
diag_1q_q4_f7,original,fake_fez,6,0,0,1,[4],,,,local_qiskit,diagnostic,
diag_1q_q4_f8,original,fake_fez,4,0,0,1,[4],,,,local_qiskit,diagnostic,
diag_1q_q4_f9,original,fake_fez,5,0,0,1,[4],,,,local_qiskit,diagnostic,
diag_1q_q4_f10,original,fake_fez,6,0,0,1,[4],,,,local_qiskit,diagnostic,
diag_1q_q4_f11,original,fake_fez,4,0,0,1,[4],,,,local_qiskit,diagnostic,
diag_1q_q4_f12,original,fake_fez,3,0,0,1,[4],,,,local_qiskit,diagnostic,
diag_1q_q4_f13,original,fake_fez,4,0,0,1,[4],,,,local_qiskit,diagnostic,
diag_1q_q4_f14,original,fake_fez,2,0,0,1,[4],,,,local_qiskit,diagnostic,
diag_1q_q4_f15,original,fake_fez,4,0,0,1,[4],,,,local_qiskit,diagnostic,
diag_1q_q4_f16,original,fake_fez,5,0,0,1,[4],,,,local_qiskit,diagnostic,
diag_1q_q4_f17,original,fake_fez,3,0,0,1,[4],,,,local_qiskit,diagnostic,
diag_2q_q0-q1_f0,original,fake_fez,6,1,1,2,"[0, 1]",,,,local_qiskit,diagnostic,
diag_2q_q0-q1_f1,original,fake_fez,4,1,1,2,"[0, 1]",,,,local_qiskit,diagnostic,
diag_2q_q0-q1_f2,original,fake_fez,3,1,1,2,"[0, 1]",,,,local_qiskit,diagnostic,
diag_2q_q0-q1_f3,original,fake_fez,5,1,1,2,"[0, 1]",,,,local_qiskit,diagnostic,
diag_2q_q0-q1_f4,original,fake_fez,6,1,1,2,"[0, 1]",,,,local_qiskit,diagnostic,
diag_2q_q0-q1_f5,original,fake_fez,4,1,1,2,"[0, 1]",,,,local_qiskit,diagnostic,
diag_2q_q0-q1_f6,original,fake_fez,5,1,1,2,"[0, 1]",,,,local_qiskit,diagnostic,
diag_2q_q0-q1_f7,original,fake_fez,5,1,1,2,"[0, 1]",,,,local_qiskit,diagnostic,
diag_2q_q0-q1_f8,original,fake_fez,4,1,1,2,"[0, 1]",,,,local_qiskit,diagnostic,
diag_2q_q0-q1_f9,original,fake_fez,5,1,1,2,"[0, 1]",,,,local_qiskit,diagnostic,
diag_2q_q0-q1_f10,original,fake_fez,6,1,1,2,"[0, 1]",,,,local_qiskit,diagnostic,
diag_2q_q0-q1_f11,original,fake_fez,6,1,1,2,"[0, 1]",,,,local_qiskit,diagnostic,
diag_2q_q0-q1_f12,original,fake_fez,4,1,1,2,"[0, 1]",,,,local_qiskit,diagnostic,
diag_2q_q0-q1_f13,original,fake_fez,6,1,1,2,"[0, 1]",,,,local_qiskit,diagnostic,
diag_2q_q0-q1_f14,original,fake_fez,5,1,1,2,"[0, 1]",,,,local_qiskit,diagnostic,
diag_2q_q0-q1_f15,original,fake_fez,6,1,1,2,"[0, 1]",,,,local_qiskit,diagnostic,
diag_2q_q0-q1_f16,original,fake_fez,4,1,1,2,"[0, 1]",,,,local_qiskit,diagnostic,
diag_2q_q0-q1_f17,original,fake_fez,6,1,1,2,"[0, 1]",,,,local_qiskit,diagnostic,
diag_2q_q0-q1_f18,original,fake_fez,4,1,1,2,"[0, 1]",,,,local_qiskit,diagnostic,
diag_2q_q0-q1_f19,original,fake_fez,6,1,1,2,"[0, 1]",,,,local_qiskit,diagnostic,
diag_2q_q0-q1_f20,original,fake_fez,6,1,1,2,"[0, 1]",,,,local_qiskit,diagnostic,
diag_2q_q0-q1_f21,original,fake_fez,6,1,1,2,"[0, 1]",,,,local_qiskit,diagnostic,
diag_2q_q0-q1_f22,original,fake_fez,6,1,1,2,"[0, 1]",,,,local_qiskit,diagnostic,
diag_2q_q0-q1_f23,original,fake_fez,6,1,1,2,"[0, 1]",,,,local_qiskit,diagnostic,
diag_2q_q0-q1_f24,original,fake_fez,4,1,1,2,"[0, 1]",,,,local_qiskit,diagnostic,
diag_2q_q0-q1_f25,original,fake_fez,5,1,1,2,"[0, 1]",,,,local_qiskit,diagnostic,
diag_2q_q0-q1_f26,original,fake_fez,6,1,1,2,"[0, 1]",,,,local_qiskit,diagnostic,
diag_2q_q0-q1_f27,original,fake_fez,5,1,1,2,"[0, 1]",,,,local_qiskit,diagnostic,
diag_2q_q0-q1_f28,original,fake_fez,6,1,1,2,"[0, 1]",,,,local_qiskit,diagnostic,
diag_2q_q0-q1_f29,original,fake_fez,3,1,1,2,"[0, 1]",,,,local_qiskit,diagnostic,
diag_2q_q0-q1_f30,original,fake_fez,3,1,1,2,"[0, 1]",,,,local_qiskit,diagnostic,
diag_2q_q0-q1_f31,original,fake_fez,3,1,1,2,"[0, 1]",,,,local_qiskit,diagnostic,
diag_2q_q0-q1_f32,original,fake_fez,3,1,1,2,"[0, 1]",,,,local_qiskit,diagnostic,
diag_2q_q0-q1_f33,original,fake_fez,4,1,1,2,"[0, 1]",,,,local_qiskit,diagnostic,
diag_2q_q0-q1_f34,original,fake_fez,4,1,1,2,"[0, 1]",,,,local_qiskit,diagnostic,
diag_2q_q0-q1_f35,original,fake_fez,4,1,1,2,"[0, 1]",,,,local_qiskit,diagnostic,
diag_2q_q0-q1_f36,original,fake_fez,5,1,1,2,"[0, 1]",,,,local_qiskit,diagnostic,
diag_2q_q0-q1_f37,original,fake_fez,4,1,1,2,"[0, 1]",,,,local_qiskit,diagnostic,
diag_2q_q0-q1_f38,original,fake_fez,3,1,1,2,"[0, 1]",,,,local_qiskit,diagnostic,
diag_2q_q0-q1_f39,original,fake_fez,4,1,1,2,"[0, 1]",,,,local_qiskit,diagnostic,
diag_2q_q0-q1_f40,original,fake_fez,3,1,1,2,"[0, 1]",,,,local_qiskit,diagnostic,
diag_2q_q0-q1_f41,original,fake_fez,4,1,1,2,"[0, 1]",,,,local_qiskit,diagnostic,
diag_2q_q0-q1_f42,original,fake_fez,3,1,1,2,"[0, 1]",,,,local_qiskit,diagnostic,
diag_2q_q0-q1_f43,original,fake_fez,2,1,1,2,"[0, 1]",,,,local_qiskit,diagnostic,
diag_2q_q0-q1_f44,original,fake_fez,2,1,1,2,"[0, 1]",,,,local_qiskit,diagnostic,
diag_2q_q0-q1_f45,original,fake_fez,3,1,1,2,"[0, 1]",,,,local_qiskit,diagnostic,
diag_2q_q0-q1_f46,original,fake_fez,3,1,1,2,"[0, 1]",,,,local_qiskit,diagnostic,
diag_2q_q0-q1_f47,original,fake_fez,3,1,1,2,"[0, 1]",,,,local_qiskit,diagnostic,
diag_2q_q0-q1_f48,original,fake_fez,4,1,1,2,"[0, 1]",,,,local_qiskit,diagnostic,
diag_2q_q0-q1_f49,original,fake_fez,4,1,1,2,"[0, 1]",,,,local_qiskit,diagnostic,
diag_2q_q0-q1_f50,original,fake_fez,4,1,1,2,"[0, 1]",,,,local_qiskit,diagnostic,
diag_2q_q0-q1_f51,original,fake_fez,6,1,1,2,"[0, 1]",,,,local_qiskit,diagnostic,
diag_2q_q0-q1_f52,original,fake_fez,5,1,1,2,"[0, 1]",,,,local_qiskit,diagnostic,
diag_2q_q0-q1_f53,original,fake_fez,5,1,1,2,"[0, 1]",,,,local_qiskit,diagnostic,
diag_2q_q0-q1_f54,original,fake_fez,5,1,1,2,"[0, 1]",,,,local_qiskit,diagnostic,
diag_2q_q0-q1_f55,original,fake_fez,5,1,1,2,"[0, 1]",,,,local_qiskit,diagnostic,
diag_2q_q0-q1_f56,original,fake_fez,4,1,1,2,"[0, 1]",,,,local_qiskit,diagnostic,
diag_2q_q0-q1_f57,original,fake_fez,6,1,1,2,"[0, 1]",,,,local_qiskit,diagnostic,
diag_2q_q0-q1_f58,original,fake_fez,5,1,1,2,"[0, 1]",,,,local_qiskit,diagnostic,
diag_2q_q0-q1_f59,original,fake_fez,5,1,1,2,"[0, 1]",,,,local_qiskit,diagnostic,
diag_2q_q0-q1_f60,original,fake_fez,4,1,1,2,"[0, 1]",,,,local_qiskit,diagnostic,
diag_2q_q0-q1_f61,original,fake_fez,5,1,1,2,"[0, 1]",,,,local_qiskit,diagnostic,
diag_2q_q0-q1_f62,original,fake_fez,5,1,1,2,"[0, 1]",,,,local_qiskit,diagnostic,
diag_2q_q0-q1_f63,original,fake_fez,5,1,1,2,"[0, 1]",,,,local_qiskit,diagnostic,
diag_2q_q0-q1_f64,original,fake_fez,5,1,1,2,"[0, 1]",,,,local_qiskit,diagnostic,
diag_2q_q0-q1_f65,original,fake_fez,5,1,1,2,"[0, 1]",,,,local_qiskit,diagnostic,
diag_2q_q0-q1_f66,original,fake_fez,5,1,1,2,"[0, 1]",,,,local_qiskit,diagnostic,
diag_2q_q0-q1_f67,original,fake_fez,5,1,1,2,"[0, 1]",,,,local_qiskit,diagnostic,
diag_2q_q0-q1_f68,original,fake_fez,5,1,1,2,"[0, 1]",,,,local_qiskit,diagnostic,
diag_2q_q0-q1_f69,original,fake_fez,5,1,1,2,"[0, 1]",,,,local_qiskit,diagnostic,
diag_2q_q0-q1_f70,original,fake_fez,5,1,1,2,"[0, 1]",,,,local_qiskit,diagnostic,
diag_2q_q0-q1_f71,original,fake_fez,3,1,1,2,"[0, 1]",,,,local_qiskit,diagnostic,
diag_2q_q0-q1_f72,original,fake_fez,4,1,1,2,"[0, 1]",,,,local_qiskit,diagnostic,
diag_2q_q0-q1_f73,original,fake_fez,3,1,1,2,"[0, 1]",,,,local_qiskit,diagnostic,
diag_2q_q0-q1_f74,original,fake_fez,4,1,1,2,"[0, 1]",,,,local_qiskit,diagnostic,
diag_2q_q0-q1_f75,original,fake_fez,4,1,1,2,"[0, 1]",,,,local_qiskit,diagnostic,
diag_2q_q0-q1_f76,original,fake_fez,4,1,1,2,"[0, 1]",,,,local_qiskit,diagnostic,
diag_2q_q0-q1_f77,original,fake_fez,3,1,1,2,"[0, 1]",,,,local_qiskit,diagnostic,
diag_2q_q0-q1_f78,original,fake_fez,4,1,1,2,"[0, 1]",,,,local_qiskit,diagnostic,
diag_2q_q0-q1_f79,original,fake_fez,3,1,1,2,"[0, 1]",,,,local_qiskit,diagnostic,
diag_2q_q1-q2_f0,original,fake_fez,6,1,1,2,"[1, 2]",,,,local_qiskit,diagnostic,
diag_2q_q1-q2_f1,original,fake_fez,4,1,1,2,"[1, 2]",,,,local_qiskit,diagnostic,
diag_2q_q1-q2_f2,original,fake_fez,3,1,1,2,"[1, 2]",,,,local_qiskit,diagnostic,
diag_2q_q1-q2_f3,original,fake_fez,5,1,1,2,"[1, 2]",,,,local_qiskit,diagnostic,
diag_2q_q1-q2_f4,original,fake_fez,6,1,1,2,"[1, 2]",,,,local_qiskit,diagnostic,
diag_2q_q1-q2_f5,original,fake_fez,4,1,1,2,"[1, 2]",,,,local_qiskit,diagnostic,
diag_2q_q1-q2_f6,original,fake_fez,5,1,1,2,"[1, 2]",,,,local_qiskit,diagnostic,
diag_2q_q1-q2_f7,original,fake_fez,5,1,1,2,"[1, 2]",,,,local_qiskit,diagnostic,
diag_2q_q1-q2_f8,original,fake_fez,4,1,1,2,"[1, 2]",,,,local_qiskit,diagnostic,
diag_2q_q1-q2_f9,original,fake_fez,5,1,1,2,"[1, 2]",,,,local_qiskit,diagnostic,
diag_2q_q1-q2_f10,original,fake_fez,6,1,1,2,"[1, 2]",,,,local_qiskit,diagnostic,
diag_2q_q1-q2_f11,original,fake_fez,6,1,1,2,"[1, 2]",,,,local_qiskit,diagnostic,
diag_2q_q1-q2_f12,original,fake_fez,4,1,1,2,"[1, 2]",,,,local_qiskit,diagnostic,
diag_2q_q1-q2_f13,original,fake_fez,6,1,1,2,"[1, 2]",,,,local_qiskit,diagnostic,
diag_2q_q1-q2_f14,original,fake_fez,5,1,1,2,"[1, 2]",,,,local_qiskit,diagnostic,
diag_2q_q1-q2_f15,original,fake_fez,6,1,1,2,"[1, 2]",,,,local_qiskit,diagnostic,
diag_2q_q1-q2_f16,original,fake_fez,4,1,1,2,"[1, 2]",,,,local_qiskit,diagnostic,
diag_2q_q1-q2_f17,original,fake_fez,6,1,1,2,"[1, 2]",,,,local_qiskit,diagnostic,
diag_2q_q1-q2_f18,original,fake_fez,4,1,1,2,"[1, 2]",,,,local_qiskit,diagnostic,
diag_2q_q1-q2_f19,original,fake_fez,6,1,1,2,"[1, 2]",,,,local_qiskit,diagnostic,
diag_2q_q1-q2_f20,original,fake_fez,6,1,1,2,"[1, 2]",,,,local_qiskit,diagnostic,
diag_2q_q1-q2_f21,original,fake_fez,6,1,1,2,"[1, 2]",,,,local_qiskit,diagnostic,
diag_2q_q1-q2_f22,original,fake_fez,6,1,1,2,"[1, 2]",,,,local_qiskit,diagnostic,
diag_2q_q1-q2_f23,original,fake_fez,6,1,1,2,"[1, 2]",,,,local_qiskit,diagnostic,
diag_2q_q1-q2_f24,original,fake_fez,4,1,1,2,"[1, 2]",,,,local_qiskit,diagnostic,
diag_2q_q1-q2_f25,original,fake_fez,5,1,1,2,"[1, 2]",,,,local_qiskit,diagnostic,
diag_2q_q1-q2_f26,original,fake_fez,6,1,1,2,"[1, 2]",,,,local_qiskit,diagnostic,
diag_2q_q1-q2_f27,original,fake_fez,5,1,1,2,"[1, 2]",,,,local_qiskit,diagnostic,
diag_2q_q1-q2_f28,original,fake_fez,6,1,1,2,"[1, 2]",,,,local_qiskit,diagnostic,
diag_2q_q1-q2_f29,original,fake_fez,3,1,1,2,"[1, 2]",,,,local_qiskit,diagnostic,
diag_2q_q1-q2_f30,original,fake_fez,3,1,1,2,"[1, 2]",,,,local_qiskit,diagnostic,
diag_2q_q1-q2_f31,original,fake_fez,3,1,1,2,"[1, 2]",,,,local_qiskit,diagnostic,
diag_2q_q1-q2_f32,original,fake_fez,3,1,1,2,"[1, 2]",,,,local_qiskit,diagnostic,
diag_2q_q1-q2_f33,original,fake_fez,4,1,1,2,"[1, 2]",,,,local_qiskit,diagnostic,
diag_2q_q1-q2_f34,original,fake_fez,4,1,1,2,"[1, 2]",,,,local_qiskit,diagnostic,
diag_2q_q1-q2_f35,original,fake_fez,4,1,1,2,"[1, 2]",,,,local_qiskit,diagnostic,
diag_2q_q1-q2_f36,original,fake_fez,5,1,1,2,"[1, 2]",,,,local_qiskit,diagnostic,
diag_2q_q1-q2_f37,original,fake_fez,4,1,1,2,"[1, 2]",,,,local_qiskit,diagnostic,
diag_2q_q1-q2_f38,original,fake_fez,3,1,1,2,"[1, 2]",,,,local_qiskit,diagnostic,
diag_2q_q1-q2_f39,original,fake_fez,4,1,1,2,"[1, 2]",,,,local_qiskit,diagnostic,
diag_2q_q1-q2_f40,original,fake_fez,3,1,1,2,"[1, 2]",,,,local_qiskit,diagnostic,
diag_2q_q1-q2_f41,original,fake_fez,4,1,1,2,"[1, 2]",,,,local_qiskit,diagnostic,
diag_2q_q1-q2_f42,original,fake_fez,3,1,1,2,"[1, 2]",,,,local_qiskit,diagnostic,
diag_2q_q1-q2_f43,original,fake_fez,2,1,1,2,"[1, 2]",,,,local_qiskit,diagnostic,
diag_2q_q1-q2_f44,original,fake_fez,2,1,1,2,"[1, 2]",,,,local_qiskit,diagnostic,
diag_2q_q1-q2_f45,original,fake_fez,3,1,1,2,"[1, 2]",,,,local_qiskit,diagnostic,
diag_2q_q1-q2_f46,original,fake_fez,3,1,1,2,"[1, 2]",,,,local_qiskit,diagnostic,
diag_2q_q1-q2_f47,original,fake_fez,3,1,1,2,"[1, 2]",,,,local_qiskit,diagnostic,
diag_2q_q1-q2_f48,original,fake_fez,4,1,1,2,"[1, 2]",,,,local_qiskit,diagnostic,
diag_2q_q1-q2_f49,original,fake_fez,4,1,1,2,"[1, 2]",,,,local_qiskit,diagnostic,
diag_2q_q1-q2_f50,original,fake_fez,4,1,1,2,"[1, 2]",,,,local_qiskit,diagnostic,
diag_2q_q1-q2_f51,original,fake_fez,6,1,1,2,"[1, 2]",,,,local_qiskit,diagnostic,
diag_2q_q1-q2_f52,original,fake_fez,5,1,1,2,"[1, 2]",,,,local_qiskit,diagnostic,
diag_2q_q1-q2_f53,original,fake_fez,5,1,1,2,"[1, 2]",,,,local_qiskit,diagnostic,
diag_2q_q1-q2_f54,original,fake_fez,5,1,1,2,"[1, 2]",,,,local_qiskit,diagnostic,
diag_2q_q1-q2_f55,original,fake_fez,5,1,1,2,"[1, 2]",,,,local_qiskit,diagnostic,
diag_2q_q1-q2_f56,original,fake_fez,4,1,1,2,"[1, 2]",,,,local_qiskit,diagnostic,
diag_2q_q1-q2_f57,original,fake_fez,6,1,1,2,"[1, 2]",,,,local_qiskit,diagnostic,
diag_2q_q1-q2_f58,original,fake_fez,5,1,1,2,"[1, 2]",,,,local_qiskit,diagnostic,
diag_2q_q1-q2_f59,original,fake_fez,5,1,1,2,"[1, 2]",,,,local_qiskit,diagnostic,
diag_2q_q1-q2_f60,original,fake_fez,4,1,1,2,"[1, 2]",,,,local_qiskit,diagnostic,
diag_2q_q1-q2_f61,original,fake_fez,5,1,1,2,"[1, 2]",,,,local_qiskit,diagnostic,
diag_2q_q1-q2_f62,original,fake_fez,5,1,1,2,"[1, 2]",,,,local_qiskit,diagnostic,
diag_2q_q1-q2_f63,original,fake_fez,5,1,1,2,"[1, 2]",,,,local_qiskit,diagnostic,
diag_2q_q1-q2_f64,original,fake_fez,5,1,1,2,"[1, 2]",,,,local_qiskit,diagnostic,
diag_2q_q1-q2_f65,original,fake_fez,5,1,1,2,"[1, 2]",,,,local_qiskit,diagnostic,
diag_2q_q1-q2_f66,original,fake_fez,5,1,1,2,"[1, 2]",,,,local_qiskit,diagnostic,
diag_2q_q1-q2_f67,original,fake_fez,5,1,1,2,"[1, 2]",,,,local_qiskit,diagnostic,
diag_2q_q1-q2_f68,original,fake_fez,5,1,1,2,"[1, 2]",,,,local_qiskit,diagnostic,
diag_2q_q1-q2_f69,original,fake_fez,5,1,1,2,"[1, 2]",,,,local_qiskit,diagnostic,
diag_2q_q1-q2_f70,original,fake_fez,5,1,1,2,"[1, 2]",,,,local_qiskit,diagnostic,
diag_2q_q1-q2_f71,original,fake_fez,3,1,1,2,"[1, 2]",,,,local_qiskit,diagnostic,
diag_2q_q1-q2_f72,original,fake_fez,4,1,1,2,"[1, 2]",,,,local_qiskit,diagnostic,
diag_2q_q1-q2_f73,original,fake_fez,3,1,1,2,"[1, 2]",,,,local_qiskit,diagnostic,
diag_2q_q1-q2_f74,original,fake_fez,4,1,1,2,"[1, 2]",,,,local_qiskit,diagnostic,
diag_2q_q1-q2_f75,original,fake_fez,4,1,1,2,"[1, 2]",,,,local_qiskit,diagnostic,
diag_2q_q1-q2_f76,original,fake_fez,4,1,1,2,"[1, 2]",,,,local_qiskit,diagnostic,
diag_2q_q1-q2_f77,original,fake_fez,3,1,1,2,"[1, 2]",,,,local_qiskit,diagnostic,
diag_2q_q1-q2_f78,original,fake_fez,4,1,1,2,"[1, 2]",,,,local_qiskit,diagnostic,
diag_2q_q1-q2_f79,original,fake_fez,3,1,1,2,"[1, 2]",,,,local_qiskit,diagnostic,
diag_2q_q2-q3_f0,original,fake_fez,6,1,1,2,"[2, 3]",,,,local_qiskit,diagnostic,
diag_2q_q2-q3_f1,original,fake_fez,4,1,1,2,"[2, 3]",,,,local_qiskit,diagnostic,
diag_2q_q2-q3_f2,original,fake_fez,3,1,1,2,"[2, 3]",,,,local_qiskit,diagnostic,
diag_2q_q2-q3_f3,original,fake_fez,5,1,1,2,"[2, 3]",,,,local_qiskit,diagnostic,
diag_2q_q2-q3_f4,original,fake_fez,6,1,1,2,"[2, 3]",,,,local_qiskit,diagnostic,
diag_2q_q2-q3_f5,original,fake_fez,4,1,1,2,"[2, 3]",,,,local_qiskit,diagnostic,
diag_2q_q2-q3_f6,original,fake_fez,5,1,1,2,"[2, 3]",,,,local_qiskit,diagnostic,
diag_2q_q2-q3_f7,original,fake_fez,5,1,1,2,"[2, 3]",,,,local_qiskit,diagnostic,
diag_2q_q2-q3_f8,original,fake_fez,4,1,1,2,"[2, 3]",,,,local_qiskit,diagnostic,
diag_2q_q2-q3_f9,original,fake_fez,5,1,1,2,"[2, 3]",,,,local_qiskit,diagnostic,
diag_2q_q2-q3_f10,original,fake_fez,6,1,1,2,"[2, 3]",,,,local_qiskit,diagnostic,
diag_2q_q2-q3_f11,original,fake_fez,6,1,1,2,"[2, 3]",,,,local_qiskit,diagnostic,
diag_2q_q2-q3_f12,original,fake_fez,4,1,1,2,"[2, 3]",,,,local_qiskit,diagnostic,
diag_2q_q2-q3_f13,original,fake_fez,6,1,1,2,"[2, 3]",,,,local_qiskit,diagnostic,
diag_2q_q2-q3_f14,original,fake_fez,5,1,1,2,"[2, 3]",,,,local_qiskit,diagnostic,
diag_2q_q2-q3_f15,original,fake_fez,6,1,1,2,"[2, 3]",,,,local_qiskit,diagnostic,
diag_2q_q2-q3_f16,original,fake_fez,4,1,1,2,"[2, 3]",,,,local_qiskit,diagnostic,
diag_2q_q2-q3_f17,original,fake_fez,6,1,1,2,"[2, 3]",,,,local_qiskit,diagnostic,
diag_2q_q2-q3_f18,original,fake_fez,4,1,1,2,"[2, 3]",,,,local_qiskit,diagnostic,
diag_2q_q2-q3_f19,original,fake_fez,6,1,1,2,"[2, 3]",,,,local_qiskit,diagnostic,
diag_2q_q2-q3_f20,original,fake_fez,6,1,1,2,"[2, 3]",,,,local_qiskit,diagnostic,
diag_2q_q2-q3_f21,original,fake_fez,6,1,1,2,"[2, 3]",,,,local_qiskit,diagnostic,
diag_2q_q2-q3_f22,original,fake_fez,6,1,1,2,"[2, 3]",,,,local_qiskit,diagnostic,
diag_2q_q2-q3_f23,original,fake_fez,6,1,1,2,"[2, 3]",,,,local_qiskit,diagnostic,
diag_2q_q2-q3_f24,original,fake_fez,4,1,1,2,"[2, 3]",,,,local_qiskit,diagnostic,
diag_2q_q2-q3_f25,original,fake_fez,5,1,1,2,"[2, 3]",,,,local_qiskit,diagnostic,
diag_2q_q2-q3_f26,original,fake_fez,6,1,1,2,"[2, 3]",,,,local_qiskit,diagnostic,
diag_2q_q2-q3_f27,original,fake_fez,5,1,1,2,"[2, 3]",,,,local_qiskit,diagnostic,
diag_2q_q2-q3_f28,original,fake_fez,6,1,1,2,"[2, 3]",,,,local_qiskit,diagnostic,
diag_2q_q2-q3_f29,original,fake_fez,3,1,1,2,"[2, 3]",,,,local_qiskit,diagnostic,
diag_2q_q2-q3_f30,original,fake_fez,3,1,1,2,"[2, 3]",,,,local_qiskit,diagnostic,
diag_2q_q2-q3_f31,original,fake_fez,3,1,1,2,"[2, 3]",,,,local_qiskit,diagnostic,
diag_2q_q2-q3_f32,original,fake_fez,3,1,1,2,"[2, 3]",,,,local_qiskit,diagnostic,
diag_2q_q2-q3_f33,original,fake_fez,4,1,1,2,"[2, 3]",,,,local_qiskit,diagnostic,
diag_2q_q2-q3_f34,original,fake_fez,4,1,1,2,"[2, 3]",,,,local_qiskit,diagnostic,
diag_2q_q2-q3_f35,original,fake_fez,4,1,1,2,"[2, 3]",,,,local_qiskit,diagnostic,
diag_2q_q2-q3_f36,original,fake_fez,5,1,1,2,"[2, 3]",,,,local_qiskit,diagnostic,
diag_2q_q2-q3_f37,original,fake_fez,4,1,1,2,"[2, 3]",,,,local_qiskit,diagnostic,
diag_2q_q2-q3_f38,original,fake_fez,3,1,1,2,"[2, 3]",,,,local_qiskit,diagnostic,
diag_2q_q2-q3_f39,original,fake_fez,4,1,1,2,"[2, 3]",,,,local_qiskit,diagnostic,
diag_2q_q2-q3_f40,original,fake_fez,3,1,1,2,"[2, 3]",,,,local_qiskit,diagnostic,
diag_2q_q2-q3_f41,original,fake_fez,4,1,1,2,"[2, 3]",,,,local_qiskit,diagnostic,
diag_2q_q2-q3_f42,original,fake_fez,3,1,1,2,"[2, 3]",,,,local_qiskit,diagnostic,
diag_2q_q2-q3_f43,original,fake_fez,2,1,1,2,"[2, 3]",,,,local_qiskit,diagnostic,
diag_2q_q2-q3_f44,original,fake_fez,2,1,1,2,"[2, 3]",,,,local_qiskit,diagnostic,
diag_2q_q2-q3_f45,original,fake_fez,3,1,1,2,"[2, 3]",,,,local_qiskit,diagnostic,
diag_2q_q2-q3_f46,original,fake_fez,3,1,1,2,"[2, 3]",,,,local_qiskit,diagnostic,
diag_2q_q2-q3_f47,original,fake_fez,3,1,1,2,"[2, 3]",,,,local_qiskit,diagnostic,
diag_2q_q2-q3_f48,original,fake_fez,4,1,1,2,"[2, 3]",,,,local_qiskit,diagnostic,
diag_2q_q2-q3_f49,original,fake_fez,4,1,1,2,"[2, 3]",,,,local_qiskit,diagnostic,
diag_2q_q2-q3_f50,original,fake_fez,4,1,1,2,"[2, 3]",,,,local_qiskit,diagnostic,
diag_2q_q2-q3_f51,original,fake_fez,6,1,1,2,"[2, 3]",,,,local_qiskit,diagnostic,
diag_2q_q2-q3_f52,original,fake_fez,5,1,1,2,"[2, 3]",,,,local_qiskit,diagnostic,
diag_2q_q2-q3_f53,original,fake_fez,5,1,1,2,"[2, 3]",,,,local_qiskit,diagnostic,
diag_2q_q2-q3_f54,original,fake_fez,5,1,1,2,"[2, 3]",,,,local_qiskit,diagnostic,
diag_2q_q2-q3_f55,original,fake_fez,5,1,1,2,"[2, 3]",,,,local_qiskit,diagnostic,
diag_2q_q2-q3_f56,original,fake_fez,4,1,1,2,"[2, 3]",,,,local_qiskit,diagnostic,
diag_2q_q2-q3_f57,original,fake_fez,6,1,1,2,"[2, 3]",,,,local_qiskit,diagnostic,
diag_2q_q2-q3_f58,original,fake_fez,5,1,1,2,"[2, 3]",,,,local_qiskit,diagnostic,
diag_2q_q2-q3_f59,original,fake_fez,5,1,1,2,"[2, 3]",,,,local_qiskit,diagnostic,
diag_2q_q2-q3_f60,original,fake_fez,4,1,1,2,"[2, 3]",,,,local_qiskit,diagnostic,
diag_2q_q2-q3_f61,original,fake_fez,5,1,1,2,"[2, 3]",,,,local_qiskit,diagnostic,
diag_2q_q2-q3_f62,original,fake_fez,5,1,1,2,"[2, 3]",,,,local_qiskit,diagnostic,
diag_2q_q2-q3_f63,original,fake_fez,5,1,1,2,"[2, 3]",,,,local_qiskit,diagnostic,
diag_2q_q2-q3_f64,original,fake_fez,5,1,1,2,"[2, 3]",,,,local_qiskit,diagnostic,
diag_2q_q2-q3_f65,original,fake_fez,5,1,1,2,"[2, 3]",,,,local_qiskit,diagnostic,
diag_2q_q2-q3_f66,original,fake_fez,5,1,1,2,"[2, 3]",,,,local_qiskit,diagnostic,
diag_2q_q2-q3_f67,original,fake_fez,5,1,1,2,"[2, 3]",,,,local_qiskit,diagnostic,
diag_2q_q2-q3_f68,original,fake_fez,5,1,1,2,"[2, 3]",,,,local_qiskit,diagnostic,
diag_2q_q2-q3_f69,original,fake_fez,5,1,1,2,"[2, 3]",,,,local_qiskit,diagnostic,
diag_2q_q2-q3_f70,original,fake_fez,5,1,1,2,"[2, 3]",,,,local_qiskit,diagnostic,
diag_2q_q2-q3_f71,original,fake_fez,3,1,1,2,"[2, 3]",,,,local_qiskit,diagnostic,
diag_2q_q2-q3_f72,original,fake_fez,4,1,1,2,"[2, 3]",,,,local_qiskit,diagnostic,
diag_2q_q2-q3_f73,original,fake_fez,3,1,1,2,"[2, 3]",,,,local_qiskit,diagnostic,
diag_2q_q2-q3_f74,original,fake_fez,4,1,1,2,"[2, 3]",,,,local_qiskit,diagnostic,
diag_2q_q2-q3_f75,original,fake_fez,4,1,1,2,"[2, 3]",,,,local_qiskit,diagnostic,
diag_2q_q2-q3_f76,original,fake_fez,4,1,1,2,"[2, 3]",,,,local_qiskit,diagnostic,
diag_2q_q2-q3_f77,original,fake_fez,3,1,1,2,"[2, 3]",,,,local_qiskit,diagnostic,
diag_2q_q2-q3_f78,original,fake_fez,4,1,1,2,"[2, 3]",,,,local_qiskit,diagnostic,
diag_2q_q2-q3_f79,original,fake_fez,3,1,1,2,"[2, 3]",,,,local_qiskit,diagnostic,
diag_2q_q3-q4_f0,original,fake_fez,6,1,1,2,"[3, 4]",,,,local_qiskit,diagnostic,
diag_2q_q3-q4_f1,original,fake_fez,4,1,1,2,"[3, 4]",,,,local_qiskit,diagnostic,
diag_2q_q3-q4_f2,original,fake_fez,3,1,1,2,"[3, 4]",,,,local_qiskit,diagnostic,
diag_2q_q3-q4_f3,original,fake_fez,5,1,1,2,"[3, 4]",,,,local_qiskit,diagnostic,
diag_2q_q3-q4_f4,original,fake_fez,6,1,1,2,"[3, 4]",,,,local_qiskit,diagnostic,
diag_2q_q3-q4_f5,original,fake_fez,4,1,1,2,"[3, 4]",,,,local_qiskit,diagnostic,
diag_2q_q3-q4_f6,original,fake_fez,5,1,1,2,"[3, 4]",,,,local_qiskit,diagnostic,
diag_2q_q3-q4_f7,original,fake_fez,5,1,1,2,"[3, 4]",,,,local_qiskit,diagnostic,
diag_2q_q3-q4_f8,original,fake_fez,4,1,1,2,"[3, 4]",,,,local_qiskit,diagnostic,
diag_2q_q3-q4_f9,original,fake_fez,5,1,1,2,"[3, 4]",,,,local_qiskit,diagnostic,
diag_2q_q3-q4_f10,original,fake_fez,6,1,1,2,"[3, 4]",,,,local_qiskit,diagnostic,
diag_2q_q3-q4_f11,original,fake_fez,6,1,1,2,"[3, 4]",,,,local_qiskit,diagnostic,
diag_2q_q3-q4_f12,original,fake_fez,4,1,1,2,"[3, 4]",,,,local_qiskit,diagnostic,
diag_2q_q3-q4_f13,original,fake_fez,6,1,1,2,"[3, 4]",,,,local_qiskit,diagnostic,
diag_2q_q3-q4_f14,original,fake_fez,5,1,1,2,"[3, 4]",,,,local_qiskit,diagnostic,
diag_2q_q3-q4_f15,original,fake_fez,6,1,1,2,"[3, 4]",,,,local_qiskit,diagnostic,
diag_2q_q3-q4_f16,original,fake_fez,4,1,1,2,"[3, 4]",,,,local_qiskit,diagnostic,
diag_2q_q3-q4_f17,original,fake_fez,6,1,1,2,"[3, 4]",,,,local_qiskit,diagnostic,
diag_2q_q3-q4_f18,original,fake_fez,4,1,1,2,"[3, 4]",,,,local_qiskit,diagnostic,
diag_2q_q3-q4_f19,original,fake_fez,6,1,1,2,"[3, 4]",,,,local_qiskit,diagnostic,
diag_2q_q3-q4_f20,original,fake_fez,6,1,1,2,"[3, 4]",,,,local_qiskit,diagnostic,
diag_2q_q3-q4_f21,original,fake_fez,6,1,1,2,"[3, 4]",,,,local_qiskit,diagnostic,
diag_2q_q3-q4_f22,original,fake_fez,6,1,1,2,"[3, 4]",,,,local_qiskit,diagnostic,
diag_2q_q3-q4_f23,original,fake_fez,6,1,1,2,"[3, 4]",,,,local_qiskit,diagnostic,
diag_2q_q3-q4_f24,original,fake_fez,4,1,1,2,"[3, 4]",,,,local_qiskit,diagnostic,
diag_2q_q3-q4_f25,original,fake_fez,5,1,1,2,"[3, 4]",,,,local_qiskit,diagnostic,
diag_2q_q3-q4_f26,original,fake_fez,6,1,1,2,"[3, 4]",,,,local_qiskit,diagnostic,
diag_2q_q3-q4_f27,original,fake_fez,5,1,1,2,"[3, 4]",,,,local_qiskit,diagnostic,
diag_2q_q3-q4_f28,original,fake_fez,6,1,1,2,"[3, 4]",,,,local_qiskit,diagnostic,
diag_2q_q3-q4_f29,original,fake_fez,3,1,1,2,"[3, 4]",,,,local_qiskit,diagnostic,
diag_2q_q3-q4_f30,original,fake_fez,3,1,1,2,"[3, 4]",,,,local_qiskit,diagnostic,
diag_2q_q3-q4_f31,original,fake_fez,3,1,1,2,"[3, 4]",,,,local_qiskit,diagnostic,
diag_2q_q3-q4_f32,original,fake_fez,3,1,1,2,"[3, 4]",,,,local_qiskit,diagnostic,
diag_2q_q3-q4_f33,original,fake_fez,4,1,1,2,"[3, 4]",,,,local_qiskit,diagnostic,
diag_2q_q3-q4_f34,original,fake_fez,4,1,1,2,"[3, 4]",,,,local_qiskit,diagnostic,
diag_2q_q3-q4_f35,original,fake_fez,4,1,1,2,"[3, 4]",,,,local_qiskit,diagnostic,
diag_2q_q3-q4_f36,original,fake_fez,5,1,1,2,"[3, 4]",,,,local_qiskit,diagnostic,
diag_2q_q3-q4_f37,original,fake_fez,4,1,1,2,"[3, 4]",,,,local_qiskit,diagnostic,
diag_2q_q3-q4_f38,original,fake_fez,3,1,1,2,"[3, 4]",,,,local_qiskit,diagnostic,
diag_2q_q3-q4_f39,original,fake_fez,4,1,1,2,"[3, 4]",,,,local_qiskit,diagnostic,
diag_2q_q3-q4_f40,original,fake_fez,3,1,1,2,"[3, 4]",,,,local_qiskit,diagnostic,
diag_2q_q3-q4_f41,original,fake_fez,4,1,1,2,"[3, 4]",,,,local_qiskit,diagnostic,
diag_2q_q3-q4_f42,original,fake_fez,3,1,1,2,"[3, 4]",,,,local_qiskit,diagnostic,
diag_2q_q3-q4_f43,original,fake_fez,2,1,1,2,"[3, 4]",,,,local_qiskit,diagnostic,
diag_2q_q3-q4_f44,original,fake_fez,2,1,1,2,"[3, 4]",,,,local_qiskit,diagnostic,
diag_2q_q3-q4_f45,original,fake_fez,3,1,1,2,"[3, 4]",,,,local_qiskit,diagnostic,
diag_2q_q3-q4_f46,original,fake_fez,3,1,1,2,"[3, 4]",,,,local_qiskit,diagnostic,
diag_2q_q3-q4_f47,original,fake_fez,3,1,1,2,"[3, 4]",,,,local_qiskit,diagnostic,
diag_2q_q3-q4_f48,original,fake_fez,4,1,1,2,"[3, 4]",,,,local_qiskit,diagnostic,
diag_2q_q3-q4_f49,original,fake_fez,4,1,1,2,"[3, 4]",,,,local_qiskit,diagnostic,
diag_2q_q3-q4_f50,original,fake_fez,4,1,1,2,"[3, 4]",,,,local_qiskit,diagnostic,
diag_2q_q3-q4_f51,original,fake_fez,6,1,1,2,"[3, 4]",,,,local_qiskit,diagnostic,
diag_2q_q3-q4_f52,original,fake_fez,5,1,1,2,"[3, 4]",,,,local_qiskit,diagnostic,
diag_2q_q3-q4_f53,original,fake_fez,5,1,1,2,"[3, 4]",,,,local_qiskit,diagnostic,
diag_2q_q3-q4_f54,original,fake_fez,5,1,1,2,"[3, 4]",,,,local_qiskit,diagnostic,
diag_2q_q3-q4_f55,original,fake_fez,5,1,1,2,"[3, 4]",,,,local_qiskit,diagnostic,
diag_2q_q3-q4_f56,original,fake_fez,4,1,1,2,"[3, 4]",,,,local_qiskit,diagnostic,
diag_2q_q3-q4_f57,original,fake_fez,6,1,1,2,"[3, 4]",,,,local_qiskit,diagnostic,
diag_2q_q3-q4_f58,original,fake_fez,5,1,1,2,"[3, 4]",,,,local_qiskit,diagnostic,
diag_2q_q3-q4_f59,original,fake_fez,5,1,1,2,"[3, 4]",,,,local_qiskit,diagnostic,
diag_2q_q3-q4_f60,original,fake_fez,4,1,1,2,"[3, 4]",,,,local_qiskit,diagnostic,
diag_2q_q3-q4_f61,original,fake_fez,5,1,1,2,"[3, 4]",,,,local_qiskit,diagnostic,
diag_2q_q3-q4_f62,original,fake_fez,5,1,1,2,"[3, 4]",,,,local_qiskit,diagnostic,
diag_2q_q3-q4_f63,original,fake_fez,5,1,1,2,"[3, 4]",,,,local_qiskit,diagnostic,
diag_2q_q3-q4_f64,original,fake_fez,5,1,1,2,"[3, 4]",,,,local_qiskit,diagnostic,
diag_2q_q3-q4_f65,original,fake_fez,5,1,1,2,"[3, 4]",,,,local_qiskit,diagnostic,
diag_2q_q3-q4_f66,original,fake_fez,5,1,1,2,"[3, 4]",,,,local_qiskit,diagnostic,
diag_2q_q3-q4_f67,original,fake_fez,5,1,1,2,"[3, 4]",,,,local_qiskit,diagnostic,
diag_2q_q3-q4_f68,original,fake_fez,5,1,1,2,"[3, 4]",,,,local_qiskit,diagnostic,
diag_2q_q3-q4_f69,original,fake_fez,5,1,1,2,"[3, 4]",,,,local_qiskit,diagnostic,
diag_2q_q3-q4_f70,original,fake_fez,5,1,1,2,"[3, 4]",,,,local_qiskit,diagnostic,
diag_2q_q3-q4_f71,original,fake_fez,3,1,1,2,"[3, 4]",,,,local_qiskit,diagnostic,
diag_2q_q3-q4_f72,original,fake_fez,4,1,1,2,"[3, 4]",,,,local_qiskit,diagnostic,
diag_2q_q3-q4_f73,original,fake_fez,3,1,1,2,"[3, 4]",,,,local_qiskit,diagnostic,
diag_2q_q3-q4_f74,original,fake_fez,4,1,1,2,"[3, 4]",,,,local_qiskit,diagnostic,
diag_2q_q3-q4_f75,original,fake_fez,4,1,1,2,"[3, 4]",,,,local_qiskit,diagnostic,
diag_2q_q3-q4_f76,original,fake_fez,4,1,1,2,"[3, 4]",,,,local_qiskit,diagnostic,
diag_2q_q3-q4_f77,original,fake_fez,3,1,1,2,"[3, 4]",,,,local_qiskit,diagnostic,
diag_2q_q3-q4_f78,original,fake_fez,4,1,1,2,"[3, 4]",,,,local_qiskit,diagnostic,
diag_2q_q3-q4_f79,original,fake_fez,3,1,1,2,"[3, 4]",,,,local_qiskit,diagnostic,
readout_cal_q0_prep_0,original,fake_fez,1,0,0,0,[0],,,,local_qiskit,readout_calibration,
readout_cal_q0_prep_1,original,fake_fez,2,0,0,1,[0],,,,local_qiskit,readout_calibration,
readout_cal_q1_prep_0,original,fake_fez,1,0,0,0,[1],,,,local_qiskit,readout_calibration,
readout_cal_q1_prep_1,original,fake_fez,2,0,0,1,[1],,,,local_qiskit,readout_calibration,
readout_cal_q2_prep_0,original,fake_fez,1,0,0,0,[2],,,,local_qiskit,readout_calibration,
readout_cal_q2_prep_1,original,fake_fez,2,0,0,1,[2],,,,local_qiskit,readout_calibration,
readout_cal_q3_prep_0,original,fake_fez,1,0,0,0,[3],,,,local_qiskit,readout_calibration,
readout_cal_q3_prep_1,original,fake_fez,2,0,0,1,[3],,,,local_qiskit,readout_calibration,
readout_cal_q4_prep_0,original,fake_fez,1,0,0,0,[4],,,,local_qiskit,readout_calibration,
readout_cal_q4_prep_1,original,fake_fez,2,0,0,1,[4],,,,local_qiskit,readout_calibration,
readout_cal_q0_q1_prep_00,original,fake_fez,1,0,0,0,"[0, 1]",,,,local_qiskit,readout_calibration,
readout_cal_q0_q1_prep_01,original,fake_fez,2,0,0,1,"[0, 1]",,,,local_qiskit,readout_calibration,
readout_cal_q0_q1_prep_10,original,fake_fez,2,0,0,1,"[0, 1]",,,,local_qiskit,readout_calibration,
readout_cal_q0_q1_prep_11,original,fake_fez,2,0,0,2,"[0, 1]",,,,local_qiskit,readout_calibration,
readout_cal_q1_q2_prep_00,original,fake_fez,1,0,0,0,"[1, 2]",,,,local_qiskit,readout_calibration,
readout_cal_q1_q2_prep_01,original,fake_fez,2,0,0,1,"[1, 2]",,,,local_qiskit,readout_calibration,
readout_cal_q1_q2_prep_10,original,fake_fez,2,0,0,1,"[1, 2]",,,,local_qiskit,readout_calibration,
readout_cal_q1_q2_prep_11,original,fake_fez,2,0,0,2,"[1, 2]",,,,local_qiskit,readout_calibration,
readout_cal_q2_q3_prep_00,original,fake_fez,1,0,0,0,"[2, 3]",,,,local_qiskit,readout_calibration,
readout_cal_q2_q3_prep_01,original,fake_fez,2,0,0,1,"[2, 3]",,,,local_qiskit,readout_calibration,
readout_cal_q2_q3_prep_10,original,fake_fez,2,0,0,1,"[2, 3]",,,,local_qiskit,readout_calibration,
readout_cal_q2_q3_prep_11,original,fake_fez,2,0,0,2,"[2, 3]",,,,local_qiskit,readout_calibration,
readout_cal_q3_q4_prep_00,original,fake_fez,1,0,0,0,"[3, 4]",,,,local_qiskit,readout_calibration,
readout_cal_q3_q4_prep_01,original,fake_fez,2,0,0,1,"[3, 4]",,,,local_qiskit,readout_calibration,
readout_cal_q3_q4_prep_10,original,fake_fez,2,0,0,1,"[3, 4]",,,,local_qiskit,readout_calibration,
readout_cal_q3_q4_prep_11,original,fake_fez,2,0,0,2,"[3, 4]",,,,local_qiskit,readout_calibration,
diag_1q_q0_f0,transpiled,fake_fez,7,0,0,1,[0],,,,local_qiskit,diagnostic,
diag_1q_q0_f1,transpiled,fake_fez,6,0,0,1,[0],,,,local_qiskit,diagnostic,
diag_1q_q0_f2,transpiled,fake_fez,4,0,0,1,[0],,,,local_qiskit,diagnostic,
diag_1q_q0_f3,transpiled,fake_fez,7,0,0,1,[0],,,,local_qiskit,diagnostic,
diag_1q_q0_f4,transpiled,fake_fez,6,0,0,1,[0],,,,local_qiskit,diagnostic,
diag_1q_q0_f5,transpiled,fake_fez,4,0,0,1,[0],,,,local_qiskit,diagnostic,
diag_1q_q0_f6,transpiled,fake_fez,7,0,0,1,[0],,,,local_qiskit,diagnostic,
diag_1q_q0_f7,transpiled,fake_fez,6,0,0,1,[0],,,,local_qiskit,diagnostic,
diag_1q_q0_f8,transpiled,fake_fez,4,0,0,1,[0],,,,local_qiskit,diagnostic,
diag_1q_q0_f9,transpiled,fake_fez,6,0,0,1,[0],,,,local_qiskit,diagnostic,
diag_1q_q0_f10,transpiled,fake_fez,5,0,0,1,[0],,,,local_qiskit,diagnostic,
diag_1q_q0_f11,transpiled,fake_fez,3,0,0,1,[0],,,,local_qiskit,diagnostic,
diag_1q_q0_f12,transpiled,fake_fez,4,0,0,1,[0],,,,local_qiskit,diagnostic,
diag_1q_q0_f13,transpiled,fake_fez,3,0,0,1,[0],,,,local_qiskit,diagnostic,
diag_1q_q0_f14,transpiled,fake_fez,1,0,0,0,[0],,,,local_qiskit,diagnostic,
diag_1q_q0_f15,transpiled,fake_fez,5,0,0,1,[0],,,,local_qiskit,diagnostic,
diag_1q_q0_f16,transpiled,fake_fez,4,0,0,1,[0],,,,local_qiskit,diagnostic,
diag_1q_q0_f17,transpiled,fake_fez,2,0,0,1,[0],,,,local_qiskit,diagnostic,
diag_1q_q1_f0,transpiled,fake_fez,7,0,0,1,[1],,,,local_qiskit,diagnostic,
diag_1q_q1_f1,transpiled,fake_fez,6,0,0,1,[1],,,,local_qiskit,diagnostic,
diag_1q_q1_f2,transpiled,fake_fez,4,0,0,1,[1],,,,local_qiskit,diagnostic,
diag_1q_q1_f3,transpiled,fake_fez,7,0,0,1,[1],,,,local_qiskit,diagnostic,
diag_1q_q1_f4,transpiled,fake_fez,6,0,0,1,[1],,,,local_qiskit,diagnostic,
diag_1q_q1_f5,transpiled,fake_fez,4,0,0,1,[1],,,,local_qiskit,diagnostic,
diag_1q_q1_f6,transpiled,fake_fez,7,0,0,1,[1],,,,local_qiskit,diagnostic,
diag_1q_q1_f7,transpiled,fake_fez,6,0,0,1,[1],,,,local_qiskit,diagnostic,
diag_1q_q1_f8,transpiled,fake_fez,4,0,0,1,[1],,,,local_qiskit,diagnostic,
diag_1q_q1_f9,transpiled,fake_fez,6,0,0,1,[1],,,,local_qiskit,diagnostic,
diag_1q_q1_f10,transpiled,fake_fez,5,0,0,1,[1],,,,local_qiskit,diagnostic,
diag_1q_q1_f11,transpiled,fake_fez,3,0,0,1,[1],,,,local_qiskit,diagnostic,
diag_1q_q1_f12,transpiled,fake_fez,4,0,0,1,[1],,,,local_qiskit,diagnostic,
diag_1q_q1_f13,transpiled,fake_fez,3,0,0,1,[1],,,,local_qiskit,diagnostic,
diag_1q_q1_f14,transpiled,fake_fez,1,0,0,0,[1],,,,local_qiskit,diagnostic,
diag_1q_q1_f15,transpiled,fake_fez,5,0,0,1,[1],,,,local_qiskit,diagnostic,
diag_1q_q1_f16,transpiled,fake_fez,4,0,0,1,[1],,,,local_qiskit,diagnostic,
diag_1q_q1_f17,transpiled,fake_fez,2,0,0,1,[1],,,,local_qiskit,diagnostic,
diag_1q_q2_f0,transpiled,fake_fez,7,0,0,1,[2],,,,local_qiskit,diagnostic,
diag_1q_q2_f1,transpiled,fake_fez,6,0,0,1,[2],,,,local_qiskit,diagnostic,
diag_1q_q2_f2,transpiled,fake_fez,4,0,0,1,[2],,,,local_qiskit,diagnostic,
diag_1q_q2_f3,transpiled,fake_fez,7,0,0,1,[2],,,,local_qiskit,diagnostic,
diag_1q_q2_f4,transpiled,fake_fez,6,0,0,1,[2],,,,local_qiskit,diagnostic,
diag_1q_q2_f5,transpiled,fake_fez,4,0,0,1,[2],,,,local_qiskit,diagnostic,
diag_1q_q2_f6,transpiled,fake_fez,7,0,0,1,[2],,,,local_qiskit,diagnostic,
diag_1q_q2_f7,transpiled,fake_fez,6,0,0,1,[2],,,,local_qiskit,diagnostic,
diag_1q_q2_f8,transpiled,fake_fez,4,0,0,1,[2],,,,local_qiskit,diagnostic,
diag_1q_q2_f9,transpiled,fake_fez,6,0,0,1,[2],,,,local_qiskit,diagnostic,
diag_1q_q2_f10,transpiled,fake_fez,5,0,0,1,[2],,,,local_qiskit,diagnostic,
diag_1q_q2_f11,transpiled,fake_fez,3,0,0,1,[2],,,,local_qiskit,diagnostic,
diag_1q_q2_f12,transpiled,fake_fez,4,0,0,1,[2],,,,local_qiskit,diagnostic,
diag_1q_q2_f13,transpiled,fake_fez,3,0,0,1,[2],,,,local_qiskit,diagnostic,
diag_1q_q2_f14,transpiled,fake_fez,1,0,0,0,[2],,,,local_qiskit,diagnostic,
diag_1q_q2_f15,transpiled,fake_fez,5,0,0,1,[2],,,,local_qiskit,diagnostic,
diag_1q_q2_f16,transpiled,fake_fez,4,0,0,1,[2],,,,local_qiskit,diagnostic,
diag_1q_q2_f17,transpiled,fake_fez,2,0,0,1,[2],,,,local_qiskit,diagnostic,
diag_1q_q3_f0,transpiled,fake_fez,7,0,0,1,[3],,,,local_qiskit,diagnostic,
diag_1q_q3_f1,transpiled,fake_fez,6,0,0,1,[3],,,,local_qiskit,diagnostic,
diag_1q_q3_f2,transpiled,fake_fez,4,0,0,1,[3],,,,local_qiskit,diagnostic,
diag_1q_q3_f3,transpiled,fake_fez,7,0,0,1,[3],,,,local_qiskit,diagnostic,
diag_1q_q3_f4,transpiled,fake_fez,6,0,0,1,[3],,,,local_qiskit,diagnostic,
diag_1q_q3_f5,transpiled,fake_fez,4,0,0,1,[3],,,,local_qiskit,diagnostic,
diag_1q_q3_f6,transpiled,fake_fez,7,0,0,1,[3],,,,local_qiskit,diagnostic,
diag_1q_q3_f7,transpiled,fake_fez,6,0,0,1,[3],,,,local_qiskit,diagnostic,
diag_1q_q3_f8,transpiled,fake_fez,4,0,0,1,[3],,,,local_qiskit,diagnostic,
diag_1q_q3_f9,transpiled,fake_fez,6,0,0,1,[3],,,,local_qiskit,diagnostic,
diag_1q_q3_f10,transpiled,fake_fez,5,0,0,1,[3],,,,local_qiskit,diagnostic,
diag_1q_q3_f11,transpiled,fake_fez,3,0,0,1,[3],,,,local_qiskit,diagnostic,
diag_1q_q3_f12,transpiled,fake_fez,4,0,0,1,[3],,,,local_qiskit,diagnostic,
diag_1q_q3_f13,transpiled,fake_fez,3,0,0,1,[3],,,,local_qiskit,diagnostic,
diag_1q_q3_f14,transpiled,fake_fez,1,0,0,0,[3],,,,local_qiskit,diagnostic,
diag_1q_q3_f15,transpiled,fake_fez,5,0,0,1,[3],,,,local_qiskit,diagnostic,
diag_1q_q3_f16,transpiled,fake_fez,4,0,0,1,[3],,,,local_qiskit,diagnostic,
diag_1q_q3_f17,transpiled,fake_fez,2,0,0,1,[3],,,,local_qiskit,diagnostic,
diag_1q_q4_f0,transpiled,fake_fez,7,0,0,1,[4],,,,local_qiskit,diagnostic,
diag_1q_q4_f1,transpiled,fake_fez,6,0,0,1,[4],,,,local_qiskit,diagnostic,
diag_1q_q4_f2,transpiled,fake_fez,4,0,0,1,[4],,,,local_qiskit,diagnostic,
diag_1q_q4_f3,transpiled,fake_fez,7,0,0,1,[4],,,,local_qiskit,diagnostic,
diag_1q_q4_f4,transpiled,fake_fez,6,0,0,1,[4],,,,local_qiskit,diagnostic,
diag_1q_q4_f5,transpiled,fake_fez,4,0,0,1,[4],,,,local_qiskit,diagnostic,
diag_1q_q4_f6,transpiled,fake_fez,7,0,0,1,[4],,,,local_qiskit,diagnostic,
diag_1q_q4_f7,transpiled,fake_fez,6,0,0,1,[4],,,,local_qiskit,diagnostic,
diag_1q_q4_f8,transpiled,fake_fez,4,0,0,1,[4],,,,local_qiskit,diagnostic,
diag_1q_q4_f9,transpiled,fake_fez,6,0,0,1,[4],,,,local_qiskit,diagnostic,
diag_1q_q4_f10,transpiled,fake_fez,5,0,0,1,[4],,,,local_qiskit,diagnostic,
diag_1q_q4_f11,transpiled,fake_fez,3,0,0,1,[4],,,,local_qiskit,diagnostic,
diag_1q_q4_f12,transpiled,fake_fez,4,0,0,1,[4],,,,local_qiskit,diagnostic,
diag_1q_q4_f13,transpiled,fake_fez,3,0,0,1,[4],,,,local_qiskit,diagnostic,
diag_1q_q4_f14,transpiled,fake_fez,1,0,0,0,[4],,,,local_qiskit,diagnostic,
diag_1q_q4_f15,transpiled,fake_fez,5,0,0,1,[4],,,,local_qiskit,diagnostic,
diag_1q_q4_f16,transpiled,fake_fez,4,0,0,1,[4],,,,local_qiskit,diagnostic,
diag_1q_q4_f17,transpiled,fake_fez,2,0,0,1,[4],,,,local_qiskit,diagnostic,
diag_2q_q0-q1_f0,transpiled,fake_fez,12,1,1,2,"[0, 1]",,,,local_qiskit,diagnostic,
diag_2q_q0-q1_f1,transpiled,fake_fez,13,1,1,2,"[0, 1]",,,,local_qiskit,diagnostic,
diag_2q_q0-q1_f2,transpiled,fake_fez,8,1,1,2,"[0, 1]",,,,local_qiskit,diagnostic,
diag_2q_q0-q1_f3,transpiled,fake_fez,12,1,1,2,"[0, 1]",,,,local_qiskit,diagnostic,
diag_2q_q0-q1_f4,transpiled,fake_fez,12,1,1,2,"[0, 1]",,,,local_qiskit,diagnostic,
diag_2q_q0-q1_f5,transpiled,fake_fez,10,1,1,2,"[0, 1]",,,,local_qiskit,diagnostic,
diag_2q_q0-q1_f6,transpiled,fake_fez,13,1,1,2,"[0, 1]",,,,local_qiskit,diagnostic,
diag_2q_q0-q1_f7,transpiled,fake_fez,13,1,1,2,"[0, 1]",,,,local_qiskit,diagnostic,
diag_2q_q0-q1_f8,transpiled,fake_fez,10,1,1,2,"[0, 1]",,,,local_qiskit,diagnostic,
diag_2q_q0-q1_f9,transpiled,fake_fez,12,1,1,2,"[0, 1]",,,,local_qiskit,diagnostic,
diag_2q_q0-q1_f10,transpiled,fake_fez,12,1,1,2,"[0, 1]",,,,local_qiskit,diagnostic,
diag_2q_q0-q1_f11,transpiled,fake_fez,12,1,1,2,"[0, 1]",,,,local_qiskit,diagnostic,
diag_2q_q0-q1_f12,transpiled,fake_fez,13,1,1,2,"[0, 1]",,,,local_qiskit,diagnostic,
diag_2q_q0-q1_f13,transpiled,fake_fez,13,1,1,2,"[0, 1]",,,,local_qiskit,diagnostic,
diag_2q_q0-q1_f14,transpiled,fake_fez,13,1,1,2,"[0, 1]",,,,local_qiskit,diagnostic,
diag_2q_q0-q1_f15,transpiled,fake_fez,13,1,1,2,"[0, 1]",,,,local_qiskit,diagnostic,
diag_2q_q0-q1_f16,transpiled,fake_fez,13,1,1,2,"[0, 1]",,,,local_qiskit,diagnostic,
diag_2q_q0-q1_f17,transpiled,fake_fez,13,1,1,2,"[0, 1]",,,,local_qiskit,diagnostic,
diag_2q_q0-q1_f18,transpiled,fake_fez,13,1,1,2,"[0, 1]",,,,local_qiskit,diagnostic,
diag_2q_q0-q1_f19,transpiled,fake_fez,13,1,1,2,"[0, 1]",,,,local_qiskit,diagnostic,
diag_2q_q0-q1_f20,transpiled,fake_fez,12,1,1,2,"[0, 1]",,,,local_qiskit,diagnostic,
diag_2q_q0-q1_f21,transpiled,fake_fez,12,1,1,2,"[0, 1]",,,,local_qiskit,diagnostic,
diag_2q_q0-q1_f22,transpiled,fake_fez,12,1,1,2,"[0, 1]",,,,local_qiskit,diagnostic,
diag_2q_q0-q1_f23,transpiled,fake_fez,12,1,1,2,"[0, 1]",,,,local_qiskit,diagnostic,
diag_2q_q0-q1_f24,transpiled,fake_fez,13,1,1,2,"[0, 1]",,,,local_qiskit,diagnostic,
diag_2q_q0-q1_f25,transpiled,fake_fez,13,1,1,2,"[0, 1]",,,,local_qiskit,diagnostic,
diag_2q_q0-q1_f26,transpiled,fake_fez,13,1,1,2,"[0, 1]",,,,local_qiskit,diagnostic,
diag_2q_q0-q1_f27,transpiled,fake_fez,12,1,1,2,"[0, 1]",,,,local_qiskit,diagnostic,
diag_2q_q0-q1_f28,transpiled,fake_fez,13,1,1,2,"[0, 1]",,,,local_qiskit,diagnostic,
diag_2q_q0-q1_f29,transpiled,fake_fez,8,1,1,2,"[0, 1]",,,,local_qiskit,diagnostic,
diag_2q_q0-q1_f30,transpiled,fake_fez,8,1,1,2,"[0, 1]",,,,local_qiskit,diagnostic,
diag_2q_q0-q1_f31,transpiled,fake_fez,8,1,1,2,"[0, 1]",,,,local_qiskit,diagnostic,
diag_2q_q0-q1_f32,transpiled,fake_fez,8,1,1,2,"[0, 1]",,,,local_qiskit,diagnostic,
diag_2q_q0-q1_f33,transpiled,fake_fez,13,1,1,2,"[0, 1]",,,,local_qiskit,diagnostic,
diag_2q_q0-q1_f34,transpiled,fake_fez,13,1,1,2,"[0, 1]",,,,local_qiskit,diagnostic,
diag_2q_q0-q1_f35,transpiled,fake_fez,13,1,1,2,"[0, 1]",,,,local_qiskit,diagnostic,
diag_2q_q0-q1_f36,transpiled,fake_fez,13,1,1,2,"[0, 1]",,,,local_qiskit,diagnostic,
diag_2q_q0-q1_f37,transpiled,fake_fez,13,1,1,2,"[0, 1]",,,,local_qiskit,diagnostic,
diag_2q_q0-q1_f38,transpiled,fake_fez,10,1,1,2,"[0, 1]",,,,local_qiskit,diagnostic,
diag_2q_q0-q1_f39,transpiled,fake_fez,10,1,1,2,"[0, 1]",,,,local_qiskit,diagnostic,
diag_2q_q0-q1_f40,transpiled,fake_fez,10,1,1,2,"[0, 1]",,,,local_qiskit,diagnostic,
diag_2q_q0-q1_f41,transpiled,fake_fez,10,1,1,2,"[0, 1]",,,,local_qiskit,diagnostic,
diag_2q_q0-q1_f42,transpiled,fake_fez,8,1,1,2,"[0, 1]",,,,local_qiskit,diagnostic,
diag_2q_q0-q1_f43,transpiled,fake_fez,7,1,1,2,"[0, 1]",,,,local_qiskit,diagnostic,
diag_2q_q0-q1_f44,transpiled,fake_fez,7,1,1,2,"[0, 1]",,,,local_qiskit,diagnostic,
diag_2q_q0-q1_f45,transpiled,fake_fez,8,1,1,2,"[0, 1]",,,,local_qiskit,diagnostic,
diag_2q_q0-q1_f46,transpiled,fake_fez,10,1,1,2,"[0, 1]",,,,local_qiskit,diagnostic,
diag_2q_q0-q1_f47,transpiled,fake_fez,8,1,1,2,"[0, 1]",,,,local_qiskit,diagnostic,
diag_2q_q0-q1_f48,transpiled,fake_fez,10,1,1,2,"[0, 1]",,,,local_qiskit,diagnostic,
diag_2q_q0-q1_f49,transpiled,fake_fez,10,1,1,2,"[0, 1]",,,,local_qiskit,diagnostic,
diag_2q_q0-q1_f50,transpiled,fake_fez,10,1,1,2,"[0, 1]",,,,local_qiskit,diagnostic,
diag_2q_q0-q1_f51,transpiled,fake_fez,12,1,1,2,"[0, 1]",,,,local_qiskit,diagnostic,
diag_2q_q0-q1_f52,transpiled,fake_fez,13,1,1,2,"[0, 1]",,,,local_qiskit,diagnostic,
diag_2q_q0-q1_f53,transpiled,fake_fez,13,1,1,2,"[0, 1]",,,,local_qiskit,diagnostic,
diag_2q_q0-q1_f54,transpiled,fake_fez,13,1,1,2,"[0, 1]",,,,local_qiskit,diagnostic,
diag_2q_q0-q1_f55,transpiled,fake_fez,13,1,1,2,"[0, 1]",,,,local_qiskit,diagnostic,
diag_2q_q0-q1_f56,transpiled,fake_fez,10,1,1,2,"[0, 1]",,,,local_qiskit,diagnostic,
diag_2q_q0-q1_f57,transpiled,fake_fez,12,1,1,2,"[0, 1]",,,,local_qiskit,diagnostic,
diag_2q_q0-q1_f58,transpiled,fake_fez,12,1,1,2,"[0, 1]",,,,local_qiskit,diagnostic,
diag_2q_q0-q1_f59,transpiled,fake_fez,13,1,1,2,"[0, 1]",,,,local_qiskit,diagnostic,
diag_2q_q0-q1_f60,transpiled,fake_fez,10,1,1,2,"[0, 1]",,,,local_qiskit,diagnostic,
diag_2q_q0-q1_f61,transpiled,fake_fez,12,1,1,2,"[0, 1]",,,,local_qiskit,diagnostic,
diag_2q_q0-q1_f62,transpiled,fake_fez,12,1,1,2,"[0, 1]",,,,local_qiskit,diagnostic,
diag_2q_q0-q1_f63,transpiled,fake_fez,13,1,1,2,"[0, 1]",,,,local_qiskit,diagnostic,
diag_2q_q0-q1_f64,transpiled,fake_fez,13,1,1,2,"[0, 1]",,,,local_qiskit,diagnostic,
diag_2q_q0-q1_f65,transpiled,fake_fez,13,1,1,2,"[0, 1]",,,,local_qiskit,diagnostic,
diag_2q_q0-q1_f66,transpiled,fake_fez,13,1,1,2,"[0, 1]",,,,local_qiskit,diagnostic,
diag_2q_q0-q1_f67,transpiled,fake_fez,12,1,1,2,"[0, 1]",,,,local_qiskit,diagnostic,
diag_2q_q0-q1_f68,transpiled,fake_fez,12,1,1,2,"[0, 1]",,,,local_qiskit,diagnostic,
diag_2q_q0-q1_f69,transpiled,fake_fez,13,1,1,2,"[0, 1]",,,,local_qiskit,diagnostic,
diag_2q_q0-q1_f70,transpiled,fake_fez,13,1,1,2,"[0, 1]",,,,local_qiskit,diagnostic,
diag_2q_q0-q1_f71,transpiled,fake_fez,10,1,1,2,"[0, 1]",,,,local_qiskit,diagnostic,
diag_2q_q0-q1_f72,transpiled,fake_fez,10,1,1,2,"[0, 1]",,,,local_qiskit,diagnostic,
diag_2q_q0-q1_f73,transpiled,fake_fez,10,1,1,2,"[0, 1]",,,,local_qiskit,diagnostic,
diag_2q_q0-q1_f74,transpiled,fake_fez,10,1,1,2,"[0, 1]",,,,local_qiskit,diagnostic,
diag_2q_q0-q1_f75,transpiled,fake_fez,10,1,1,2,"[0, 1]",,,,local_qiskit,diagnostic,
diag_2q_q0-q1_f76,transpiled,fake_fez,10,1,1,2,"[0, 1]",,,,local_qiskit,diagnostic,
diag_2q_q0-q1_f77,transpiled,fake_fez,10,1,1,2,"[0, 1]",,,,local_qiskit,diagnostic,
diag_2q_q0-q1_f78,transpiled,fake_fez,10,1,1,2,"[0, 1]",,,,local_qiskit,diagnostic,
diag_2q_q0-q1_f79,transpiled,fake_fez,10,1,1,2,"[0, 1]",,,,local_qiskit,diagnostic,
diag_2q_q1-q2_f0,transpiled,fake_fez,12,1,1,2,"[1, 2]",,,,local_qiskit,diagnostic,
diag_2q_q1-q2_f1,transpiled,fake_fez,13,1,1,2,"[1, 2]",,,,local_qiskit,diagnostic,
diag_2q_q1-q2_f2,transpiled,fake_fez,8,1,1,2,"[1, 2]",,,,local_qiskit,diagnostic,
diag_2q_q1-q2_f3,transpiled,fake_fez,12,1,1,2,"[1, 2]",,,,local_qiskit,diagnostic,
diag_2q_q1-q2_f4,transpiled,fake_fez,12,1,1,2,"[1, 2]",,,,local_qiskit,diagnostic,
diag_2q_q1-q2_f5,transpiled,fake_fez,10,1,1,2,"[1, 2]",,,,local_qiskit,diagnostic,
diag_2q_q1-q2_f6,transpiled,fake_fez,13,1,1,2,"[1, 2]",,,,local_qiskit,diagnostic,
diag_2q_q1-q2_f7,transpiled,fake_fez,13,1,1,2,"[1, 2]",,,,local_qiskit,diagnostic,
diag_2q_q1-q2_f8,transpiled,fake_fez,10,1,1,2,"[1, 2]",,,,local_qiskit,diagnostic,
diag_2q_q1-q2_f9,transpiled,fake_fez,12,1,1,2,"[1, 2]",,,,local_qiskit,diagnostic,
diag_2q_q1-q2_f10,transpiled,fake_fez,12,1,1,2,"[1, 2]",,,,local_qiskit,diagnostic,
diag_2q_q1-q2_f11,transpiled,fake_fez,12,1,1,2,"[1, 2]",,,,local_qiskit,diagnostic,
diag_2q_q1-q2_f12,transpiled,fake_fez,13,1,1,2,"[1, 2]",,,,local_qiskit,diagnostic,
diag_2q_q1-q2_f13,transpiled,fake_fez,13,1,1,2,"[1, 2]",,,,local_qiskit,diagnostic,
diag_2q_q1-q2_f14,transpiled,fake_fez,13,1,1,2,"[1, 2]",,,,local_qiskit,diagnostic,
diag_2q_q1-q2_f15,transpiled,fake_fez,13,1,1,2,"[1, 2]",,,,local_qiskit,diagnostic,
diag_2q_q1-q2_f16,transpiled,fake_fez,13,1,1,2,"[1, 2]",,,,local_qiskit,diagnostic,
diag_2q_q1-q2_f17,transpiled,fake_fez,13,1,1,2,"[1, 2]",,,,local_qiskit,diagnostic,
diag_2q_q1-q2_f18,transpiled,fake_fez,13,1,1,2,"[1, 2]",,,,local_qiskit,diagnostic,
diag_2q_q1-q2_f19,transpiled,fake_fez,13,1,1,2,"[1, 2]",,,,local_qiskit,diagnostic,
diag_2q_q1-q2_f20,transpiled,fake_fez,12,1,1,2,"[1, 2]",,,,local_qiskit,diagnostic,
diag_2q_q1-q2_f21,transpiled,fake_fez,12,1,1,2,"[1, 2]",,,,local_qiskit,diagnostic,
diag_2q_q1-q2_f22,transpiled,fake_fez,12,1,1,2,"[1, 2]",,,,local_qiskit,diagnostic,
diag_2q_q1-q2_f23,transpiled,fake_fez,12,1,1,2,"[1, 2]",,,,local_qiskit,diagnostic,
diag_2q_q1-q2_f24,transpiled,fake_fez,13,1,1,2,"[1, 2]",,,,local_qiskit,diagnostic,
diag_2q_q1-q2_f25,transpiled,fake_fez,13,1,1,2,"[1, 2]",,,,local_qiskit,diagnostic,
diag_2q_q1-q2_f26,transpiled,fake_fez,13,1,1,2,"[1, 2]",,,,local_qiskit,diagnostic,
diag_2q_q1-q2_f27,transpiled,fake_fez,12,1,1,2,"[1, 2]",,,,local_qiskit,diagnostic,
diag_2q_q1-q2_f28,transpiled,fake_fez,13,1,1,2,"[1, 2]",,,,local_qiskit,diagnostic,
diag_2q_q1-q2_f29,transpiled,fake_fez,8,1,1,2,"[1, 2]",,,,local_qiskit,diagnostic,
diag_2q_q1-q2_f30,transpiled,fake_fez,8,1,1,2,"[1, 2]",,,,local_qiskit,diagnostic,
diag_2q_q1-q2_f31,transpiled,fake_fez,8,1,1,2,"[1, 2]",,,,local_qiskit,diagnostic,
diag_2q_q1-q2_f32,transpiled,fake_fez,8,1,1,2,"[1, 2]",,,,local_qiskit,diagnostic,
diag_2q_q1-q2_f33,transpiled,fake_fez,13,1,1,2,"[1, 2]",,,,local_qiskit,diagnostic,
diag_2q_q1-q2_f34,transpiled,fake_fez,13,1,1,2,"[1, 2]",,,,local_qiskit,diagnostic,
diag_2q_q1-q2_f35,transpiled,fake_fez,13,1,1,2,"[1, 2]",,,,local_qiskit,diagnostic,
diag_2q_q1-q2_f36,transpiled,fake_fez,13,1,1,2,"[1, 2]",,,,local_qiskit,diagnostic,
diag_2q_q1-q2_f37,transpiled,fake_fez,13,1,1,2,"[1, 2]",,,,local_qiskit,diagnostic,
diag_2q_q1-q2_f38,transpiled,fake_fez,10,1,1,2,"[1, 2]",,,,local_qiskit,diagnostic,
diag_2q_q1-q2_f39,transpiled,fake_fez,10,1,1,2,"[1, 2]",,,,local_qiskit,diagnostic,
diag_2q_q1-q2_f40,transpiled,fake_fez,10,1,1,2,"[1, 2]",,,,local_qiskit,diagnostic,
diag_2q_q1-q2_f41,transpiled,fake_fez,10,1,1,2,"[1, 2]",,,,local_qiskit,diagnostic,
diag_2q_q1-q2_f42,transpiled,fake_fez,8,1,1,2,"[1, 2]",,,,local_qiskit,diagnostic,
diag_2q_q1-q2_f43,transpiled,fake_fez,7,1,1,2,"[1, 2]",,,,local_qiskit,diagnostic,
diag_2q_q1-q2_f44,transpiled,fake_fez,7,1,1,2,"[1, 2]",,,,local_qiskit,diagnostic,
diag_2q_q1-q2_f45,transpiled,fake_fez,8,1,1,2,"[1, 2]",,,,local_qiskit,diagnostic,
diag_2q_q1-q2_f46,transpiled,fake_fez,10,1,1,2,"[1, 2]",,,,local_qiskit,diagnostic,
diag_2q_q1-q2_f47,transpiled,fake_fez,8,1,1,2,"[1, 2]",,,,local_qiskit,diagnostic,
diag_2q_q1-q2_f48,transpiled,fake_fez,10,1,1,2,"[1, 2]",,,,local_qiskit,diagnostic,
diag_2q_q1-q2_f49,transpiled,fake_fez,10,1,1,2,"[1, 2]",,,,local_qiskit,diagnostic,
diag_2q_q1-q2_f50,transpiled,fake_fez,10,1,1,2,"[1, 2]",,,,local_qiskit,diagnostic,
diag_2q_q1-q2_f51,transpiled,fake_fez,12,1,1,2,"[1, 2]",,,,local_qiskit,diagnostic,
diag_2q_q1-q2_f52,transpiled,fake_fez,13,1,1,2,"[1, 2]",,,,local_qiskit,diagnostic,
diag_2q_q1-q2_f53,transpiled,fake_fez,13,1,1,2,"[1, 2]",,,,local_qiskit,diagnostic,
diag_2q_q1-q2_f54,transpiled,fake_fez,13,1,1,2,"[1, 2]",,,,local_qiskit,diagnostic,
diag_2q_q1-q2_f55,transpiled,fake_fez,13,1,1,2,"[1, 2]",,,,local_qiskit,diagnostic,
diag_2q_q1-q2_f56,transpiled,fake_fez,10,1,1,2,"[1, 2]",,,,local_qiskit,diagnostic,
diag_2q_q1-q2_f57,transpiled,fake_fez,12,1,1,2,"[1, 2]",,,,local_qiskit,diagnostic,
diag_2q_q1-q2_f58,transpiled,fake_fez,12,1,1,2,"[1, 2]",,,,local_qiskit,diagnostic,
diag_2q_q1-q2_f59,transpiled,fake_fez,13,1,1,2,"[1, 2]",,,,local_qiskit,diagnostic,
diag_2q_q1-q2_f60,transpiled,fake_fez,10,1,1,2,"[1, 2]",,,,local_qiskit,diagnostic,
diag_2q_q1-q2_f61,transpiled,fake_fez,12,1,1,2,"[1, 2]",,,,local_qiskit,diagnostic,
diag_2q_q1-q2_f62,transpiled,fake_fez,12,1,1,2,"[1, 2]",,,,local_qiskit,diagnostic,
diag_2q_q1-q2_f63,transpiled,fake_fez,13,1,1,2,"[1, 2]",,,,local_qiskit,diagnostic,
diag_2q_q1-q2_f64,transpiled,fake_fez,13,1,1,2,"[1, 2]",,,,local_qiskit,diagnostic,
diag_2q_q1-q2_f65,transpiled,fake_fez,13,1,1,2,"[1, 2]",,,,local_qiskit,diagnostic,
diag_2q_q1-q2_f66,transpiled,fake_fez,13,1,1,2,"[1, 2]",,,,local_qiskit,diagnostic,
diag_2q_q1-q2_f67,transpiled,fake_fez,12,1,1,2,"[1, 2]",,,,local_qiskit,diagnostic,
diag_2q_q1-q2_f68,transpiled,fake_fez,12,1,1,2,"[1, 2]",,,,local_qiskit,diagnostic,
diag_2q_q1-q2_f69,transpiled,fake_fez,13,1,1,2,"[1, 2]",,,,local_qiskit,diagnostic,
diag_2q_q1-q2_f70,transpiled,fake_fez,13,1,1,2,"[1, 2]",,,,local_qiskit,diagnostic,
diag_2q_q1-q2_f71,transpiled,fake_fez,10,1,1,2,"[1, 2]",,,,local_qiskit,diagnostic,
diag_2q_q1-q2_f72,transpiled,fake_fez,10,1,1,2,"[1, 2]",,,,local_qiskit,diagnostic,
diag_2q_q1-q2_f73,transpiled,fake_fez,10,1,1,2,"[1, 2]",,,,local_qiskit,diagnostic,
diag_2q_q1-q2_f74,transpiled,fake_fez,10,1,1,2,"[1, 2]",,,,local_qiskit,diagnostic,
diag_2q_q1-q2_f75,transpiled,fake_fez,10,1,1,2,"[1, 2]",,,,local_qiskit,diagnostic,
diag_2q_q1-q2_f76,transpiled,fake_fez,10,1,1,2,"[1, 2]",,,,local_qiskit,diagnostic,
diag_2q_q1-q2_f77,transpiled,fake_fez,10,1,1,2,"[1, 2]",,,,local_qiskit,diagnostic,
diag_2q_q1-q2_f78,transpiled,fake_fez,10,1,1,2,"[1, 2]",,,,local_qiskit,diagnostic,
diag_2q_q1-q2_f79,transpiled,fake_fez,10,1,1,2,"[1, 2]",,,,local_qiskit,diagnostic,
diag_2q_q2-q3_f0,transpiled,fake_fez,12,1,1,2,"[2, 3]",,,,local_qiskit,diagnostic,
diag_2q_q2-q3_f1,transpiled,fake_fez,13,1,1,2,"[2, 3]",,,,local_qiskit,diagnostic,
diag_2q_q2-q3_f2,transpiled,fake_fez,8,1,1,2,"[2, 3]",,,,local_qiskit,diagnostic,
diag_2q_q2-q3_f3,transpiled,fake_fez,12,1,1,2,"[2, 3]",,,,local_qiskit,diagnostic,
diag_2q_q2-q3_f4,transpiled,fake_fez,12,1,1,2,"[2, 3]",,,,local_qiskit,diagnostic,
diag_2q_q2-q3_f5,transpiled,fake_fez,10,1,1,2,"[2, 3]",,,,local_qiskit,diagnostic,
diag_2q_q2-q3_f6,transpiled,fake_fez,13,1,1,2,"[2, 3]",,,,local_qiskit,diagnostic,
diag_2q_q2-q3_f7,transpiled,fake_fez,13,1,1,2,"[2, 3]",,,,local_qiskit,diagnostic,
diag_2q_q2-q3_f8,transpiled,fake_fez,10,1,1,2,"[2, 3]",,,,local_qiskit,diagnostic,
diag_2q_q2-q3_f9,transpiled,fake_fez,12,1,1,2,"[2, 3]",,,,local_qiskit,diagnostic,
diag_2q_q2-q3_f10,transpiled,fake_fez,12,1,1,2,"[2, 3]",,,,local_qiskit,diagnostic,
diag_2q_q2-q3_f11,transpiled,fake_fez,12,1,1,2,"[2, 3]",,,,local_qiskit,diagnostic,
diag_2q_q2-q3_f12,transpiled,fake_fez,13,1,1,2,"[2, 3]",,,,local_qiskit,diagnostic,
diag_2q_q2-q3_f13,transpiled,fake_fez,13,1,1,2,"[2, 3]",,,,local_qiskit,diagnostic,
diag_2q_q2-q3_f14,transpiled,fake_fez,13,1,1,2,"[2, 3]",,,,local_qiskit,diagnostic,
diag_2q_q2-q3_f15,transpiled,fake_fez,13,1,1,2,"[2, 3]",,,,local_qiskit,diagnostic,
diag_2q_q2-q3_f16,transpiled,fake_fez,13,1,1,2,"[2, 3]",,,,local_qiskit,diagnostic,
diag_2q_q2-q3_f17,transpiled,fake_fez,13,1,1,2,"[2, 3]",,,,local_qiskit,diagnostic,
diag_2q_q2-q3_f18,transpiled,fake_fez,13,1,1,2,"[2, 3]",,,,local_qiskit,diagnostic,
diag_2q_q2-q3_f19,transpiled,fake_fez,13,1,1,2,"[2, 3]",,,,local_qiskit,diagnostic,
diag_2q_q2-q3_f20,transpiled,fake_fez,12,1,1,2,"[2, 3]",,,,local_qiskit,diagnostic,
diag_2q_q2-q3_f21,transpiled,fake_fez,12,1,1,2,"[2, 3]",,,,local_qiskit,diagnostic,
diag_2q_q2-q3_f22,transpiled,fake_fez,12,1,1,2,"[2, 3]",,,,local_qiskit,diagnostic,
diag_2q_q2-q3_f23,transpiled,fake_fez,12,1,1,2,"[2, 3]",,,,local_qiskit,diagnostic,
diag_2q_q2-q3_f24,transpiled,fake_fez,13,1,1,2,"[2, 3]",,,,local_qiskit,diagnostic,
diag_2q_q2-q3_f25,transpiled,fake_fez,13,1,1,2,"[2, 3]",,,,local_qiskit,diagnostic,
diag_2q_q2-q3_f26,transpiled,fake_fez,13,1,1,2,"[2, 3]",,,,local_qiskit,diagnostic,
diag_2q_q2-q3_f27,transpiled,fake_fez,12,1,1,2,"[2, 3]",,,,local_qiskit,diagnostic,
diag_2q_q2-q3_f28,transpiled,fake_fez,13,1,1,2,"[2, 3]",,,,local_qiskit,diagnostic,
diag_2q_q2-q3_f29,transpiled,fake_fez,8,1,1,2,"[2, 3]",,,,local_qiskit,diagnostic,
diag_2q_q2-q3_f30,transpiled,fake_fez,8,1,1,2,"[2, 3]",,,,local_qiskit,diagnostic,
diag_2q_q2-q3_f31,transpiled,fake_fez,8,1,1,2,"[2, 3]",,,,local_qiskit,diagnostic,
diag_2q_q2-q3_f32,transpiled,fake_fez,8,1,1,2,"[2, 3]",,,,local_qiskit,diagnostic,
diag_2q_q2-q3_f33,transpiled,fake_fez,13,1,1,2,"[2, 3]",,,,local_qiskit,diagnostic,
diag_2q_q2-q3_f34,transpiled,fake_fez,13,1,1,2,"[2, 3]",,,,local_qiskit,diagnostic,
diag_2q_q2-q3_f35,transpiled,fake_fez,13,1,1,2,"[2, 3]",,,,local_qiskit,diagnostic,
diag_2q_q2-q3_f36,transpiled,fake_fez,13,1,1,2,"[2, 3]",,,,local_qiskit,diagnostic,
diag_2q_q2-q3_f37,transpiled,fake_fez,13,1,1,2,"[2, 3]",,,,local_qiskit,diagnostic,
diag_2q_q2-q3_f38,transpiled,fake_fez,10,1,1,2,"[2, 3]",,,,local_qiskit,diagnostic,
diag_2q_q2-q3_f39,transpiled,fake_fez,10,1,1,2,"[2, 3]",,,,local_qiskit,diagnostic,
diag_2q_q2-q3_f40,transpiled,fake_fez,10,1,1,2,"[2, 3]",,,,local_qiskit,diagnostic,
diag_2q_q2-q3_f41,transpiled,fake_fez,10,1,1,2,"[2, 3]",,,,local_qiskit,diagnostic,
diag_2q_q2-q3_f42,transpiled,fake_fez,8,1,1,2,"[2, 3]",,,,local_qiskit,diagnostic,
diag_2q_q2-q3_f43,transpiled,fake_fez,7,1,1,2,"[2, 3]",,,,local_qiskit,diagnostic,
diag_2q_q2-q3_f44,transpiled,fake_fez,7,1,1,2,"[2, 3]",,,,local_qiskit,diagnostic,
diag_2q_q2-q3_f45,transpiled,fake_fez,8,1,1,2,"[2, 3]",,,,local_qiskit,diagnostic,
diag_2q_q2-q3_f46,transpiled,fake_fez,10,1,1,2,"[2, 3]",,,,local_qiskit,diagnostic,
diag_2q_q2-q3_f47,transpiled,fake_fez,8,1,1,2,"[2, 3]",,,,local_qiskit,diagnostic,
diag_2q_q2-q3_f48,transpiled,fake_fez,10,1,1,2,"[2, 3]",,,,local_qiskit,diagnostic,
diag_2q_q2-q3_f49,transpiled,fake_fez,10,1,1,2,"[2, 3]",,,,local_qiskit,diagnostic,
diag_2q_q2-q3_f50,transpiled,fake_fez,10,1,1,2,"[2, 3]",,,,local_qiskit,diagnostic,
diag_2q_q2-q3_f51,transpiled,fake_fez,12,1,1,2,"[2, 3]",,,,local_qiskit,diagnostic,
diag_2q_q2-q3_f52,transpiled,fake_fez,13,1,1,2,"[2, 3]",,,,local_qiskit,diagnostic,
diag_2q_q2-q3_f53,transpiled,fake_fez,13,1,1,2,"[2, 3]",,,,local_qiskit,diagnostic,
diag_2q_q2-q3_f54,transpiled,fake_fez,13,1,1,2,"[2, 3]",,,,local_qiskit,diagnostic,
diag_2q_q2-q3_f55,transpiled,fake_fez,13,1,1,2,"[2, 3]",,,,local_qiskit,diagnostic,
diag_2q_q2-q3_f56,transpiled,fake_fez,10,1,1,2,"[2, 3]",,,,local_qiskit,diagnostic,
diag_2q_q2-q3_f57,transpiled,fake_fez,12,1,1,2,"[2, 3]",,,,local_qiskit,diagnostic,
diag_2q_q2-q3_f58,transpiled,fake_fez,12,1,1,2,"[2, 3]",,,,local_qiskit,diagnostic,
diag_2q_q2-q3_f59,transpiled,fake_fez,13,1,1,2,"[2, 3]",,,,local_qiskit,diagnostic,
diag_2q_q2-q3_f60,transpiled,fake_fez,10,1,1,2,"[2, 3]",,,,local_qiskit,diagnostic,
diag_2q_q2-q3_f61,transpiled,fake_fez,12,1,1,2,"[2, 3]",,,,local_qiskit,diagnostic,
diag_2q_q2-q3_f62,transpiled,fake_fez,12,1,1,2,"[2, 3]",,,,local_qiskit,diagnostic,
diag_2q_q2-q3_f63,transpiled,fake_fez,13,1,1,2,"[2, 3]",,,,local_qiskit,diagnostic,
diag_2q_q2-q3_f64,transpiled,fake_fez,13,1,1,2,"[2, 3]",,,,local_qiskit,diagnostic,
diag_2q_q2-q3_f65,transpiled,fake_fez,13,1,1,2,"[2, 3]",,,,local_qiskit,diagnostic,
diag_2q_q2-q3_f66,transpiled,fake_fez,13,1,1,2,"[2, 3]",,,,local_qiskit,diagnostic,
diag_2q_q2-q3_f67,transpiled,fake_fez,12,1,1,2,"[2, 3]",,,,local_qiskit,diagnostic,
diag_2q_q2-q3_f68,transpiled,fake_fez,12,1,1,2,"[2, 3]",,,,local_qiskit,diagnostic,
diag_2q_q2-q3_f69,transpiled,fake_fez,13,1,1,2,"[2, 3]",,,,local_qiskit,diagnostic,
diag_2q_q2-q3_f70,transpiled,fake_fez,13,1,1,2,"[2, 3]",,,,local_qiskit,diagnostic,
diag_2q_q2-q3_f71,transpiled,fake_fez,10,1,1,2,"[2, 3]",,,,local_qiskit,diagnostic,
diag_2q_q2-q3_f72,transpiled,fake_fez,10,1,1,2,"[2, 3]",,,,local_qiskit,diagnostic,
diag_2q_q2-q3_f73,transpiled,fake_fez,10,1,1,2,"[2, 3]",,,,local_qiskit,diagnostic,
diag_2q_q2-q3_f74,transpiled,fake_fez,10,1,1,2,"[2, 3]",,,,local_qiskit,diagnostic,
diag_2q_q2-q3_f75,transpiled,fake_fez,10,1,1,2,"[2, 3]",,,,local_qiskit,diagnostic,
diag_2q_q2-q3_f76,transpiled,fake_fez,10,1,1,2,"[2, 3]",,,,local_qiskit,diagnostic,
diag_2q_q2-q3_f77,transpiled,fake_fez,10,1,1,2,"[2, 3]",,,,local_qiskit,diagnostic,
diag_2q_q2-q3_f78,transpiled,fake_fez,10,1,1,2,"[2, 3]",,,,local_qiskit,diagnostic,
diag_2q_q2-q3_f79,transpiled,fake_fez,10,1,1,2,"[2, 3]",,,,local_qiskit,diagnostic,
diag_2q_q3-q4_f0,transpiled,fake_fez,12,1,1,2,"[3, 4]",,,,local_qiskit,diagnostic,
diag_2q_q3-q4_f1,transpiled,fake_fez,13,1,1,2,"[3, 4]",,,,local_qiskit,diagnostic,
diag_2q_q3-q4_f2,transpiled,fake_fez,8,1,1,2,"[3, 4]",,,,local_qiskit,diagnostic,
diag_2q_q3-q4_f3,transpiled,fake_fez,12,1,1,2,"[3, 4]",,,,local_qiskit,diagnostic,
diag_2q_q3-q4_f4,transpiled,fake_fez,12,1,1,2,"[3, 4]",,,,local_qiskit,diagnostic,
diag_2q_q3-q4_f5,transpiled,fake_fez,10,1,1,2,"[3, 4]",,,,local_qiskit,diagnostic,
diag_2q_q3-q4_f6,transpiled,fake_fez,13,1,1,2,"[3, 4]",,,,local_qiskit,diagnostic,
diag_2q_q3-q4_f7,transpiled,fake_fez,13,1,1,2,"[3, 4]",,,,local_qiskit,diagnostic,
diag_2q_q3-q4_f8,transpiled,fake_fez,10,1,1,2,"[3, 4]",,,,local_qiskit,diagnostic,
diag_2q_q3-q4_f9,transpiled,fake_fez,12,1,1,2,"[3, 4]",,,,local_qiskit,diagnostic,
diag_2q_q3-q4_f10,transpiled,fake_fez,12,1,1,2,"[3, 4]",,,,local_qiskit,diagnostic,
diag_2q_q3-q4_f11,transpiled,fake_fez,12,1,1,2,"[3, 4]",,,,local_qiskit,diagnostic,
diag_2q_q3-q4_f12,transpiled,fake_fez,13,1,1,2,"[3, 4]",,,,local_qiskit,diagnostic,
diag_2q_q3-q4_f13,transpiled,fake_fez,13,1,1,2,"[3, 4]",,,,local_qiskit,diagnostic,
diag_2q_q3-q4_f14,transpiled,fake_fez,13,1,1,2,"[3, 4]",,,,local_qiskit,diagnostic,
diag_2q_q3-q4_f15,transpiled,fake_fez,13,1,1,2,"[3, 4]",,,,local_qiskit,diagnostic,
diag_2q_q3-q4_f16,transpiled,fake_fez,13,1,1,2,"[3, 4]",,,,local_qiskit,diagnostic,
diag_2q_q3-q4_f17,transpiled,fake_fez,13,1,1,2,"[3, 4]",,,,local_qiskit,diagnostic,
diag_2q_q3-q4_f18,transpiled,fake_fez,13,1,1,2,"[3, 4]",,,,local_qiskit,diagnostic,
diag_2q_q3-q4_f19,transpiled,fake_fez,13,1,1,2,"[3, 4]",,,,local_qiskit,diagnostic,
diag_2q_q3-q4_f20,transpiled,fake_fez,12,1,1,2,"[3, 4]",,,,local_qiskit,diagnostic,
diag_2q_q3-q4_f21,transpiled,fake_fez,12,1,1,2,"[3, 4]",,,,local_qiskit,diagnostic,
diag_2q_q3-q4_f22,transpiled,fake_fez,12,1,1,2,"[3, 4]",,,,local_qiskit,diagnostic,
diag_2q_q3-q4_f23,transpiled,fake_fez,12,1,1,2,"[3, 4]",,,,local_qiskit,diagnostic,
diag_2q_q3-q4_f24,transpiled,fake_fez,13,1,1,2,"[3, 4]",,,,local_qiskit,diagnostic,
diag_2q_q3-q4_f25,transpiled,fake_fez,13,1,1,2,"[3, 4]",,,,local_qiskit,diagnostic,
diag_2q_q3-q4_f26,transpiled,fake_fez,13,1,1,2,"[3, 4]",,,,local_qiskit,diagnostic,
diag_2q_q3-q4_f27,transpiled,fake_fez,12,1,1,2,"[3, 4]",,,,local_qiskit,diagnostic,
diag_2q_q3-q4_f28,transpiled,fake_fez,13,1,1,2,"[3, 4]",,,,local_qiskit,diagnostic,
diag_2q_q3-q4_f29,transpiled,fake_fez,8,1,1,2,"[3, 4]",,,,local_qiskit,diagnostic,
diag_2q_q3-q4_f30,transpiled,fake_fez,8,1,1,2,"[3, 4]",,,,local_qiskit,diagnostic,
diag_2q_q3-q4_f31,transpiled,fake_fez,8,1,1,2,"[3, 4]",,,,local_qiskit,diagnostic,
diag_2q_q3-q4_f32,transpiled,fake_fez,8,1,1,2,"[3, 4]",,,,local_qiskit,diagnostic,
diag_2q_q3-q4_f33,transpiled,fake_fez,13,1,1,2,"[3, 4]",,,,local_qiskit,diagnostic,
diag_2q_q3-q4_f34,transpiled,fake_fez,13,1,1,2,"[3, 4]",,,,local_qiskit,diagnostic,
diag_2q_q3-q4_f35,transpiled,fake_fez,13,1,1,2,"[3, 4]",,,,local_qiskit,diagnostic,
diag_2q_q3-q4_f36,transpiled,fake_fez,13,1,1,2,"[3, 4]",,,,local_qiskit,diagnostic,
diag_2q_q3-q4_f37,transpiled,fake_fez,13,1,1,2,"[3, 4]",,,,local_qiskit,diagnostic,
diag_2q_q3-q4_f38,transpiled,fake_fez,10,1,1,2,"[3, 4]",,,,local_qiskit,diagnostic,
diag_2q_q3-q4_f39,transpiled,fake_fez,10,1,1,2,"[3, 4]",,,,local_qiskit,diagnostic,
diag_2q_q3-q4_f40,transpiled,fake_fez,10,1,1,2,"[3, 4]",,,,local_qiskit,diagnostic,
diag_2q_q3-q4_f41,transpiled,fake_fez,10,1,1,2,"[3, 4]",,,,local_qiskit,diagnostic,
diag_2q_q3-q4_f42,transpiled,fake_fez,8,1,1,2,"[3, 4]",,,,local_qiskit,diagnostic,
diag_2q_q3-q4_f43,transpiled,fake_fez,7,1,1,2,"[3, 4]",,,,local_qiskit,diagnostic,
diag_2q_q3-q4_f44,transpiled,fake_fez,7,1,1,2,"[3, 4]",,,,local_qiskit,diagnostic,
diag_2q_q3-q4_f45,transpiled,fake_fez,8,1,1,2,"[3, 4]",,,,local_qiskit,diagnostic,
diag_2q_q3-q4_f46,transpiled,fake_fez,10,1,1,2,"[3, 4]",,,,local_qiskit,diagnostic,
diag_2q_q3-q4_f47,transpiled,fake_fez,8,1,1,2,"[3, 4]",,,,local_qiskit,diagnostic,
diag_2q_q3-q4_f48,transpiled,fake_fez,10,1,1,2,"[3, 4]",,,,local_qiskit,diagnostic,
diag_2q_q3-q4_f49,transpiled,fake_fez,10,1,1,2,"[3, 4]",,,,local_qiskit,diagnostic,
diag_2q_q3-q4_f50,transpiled,fake_fez,10,1,1,2,"[3, 4]",,,,local_qiskit,diagnostic,
diag_2q_q3-q4_f51,transpiled,fake_fez,12,1,1,2,"[3, 4]",,,,local_qiskit,diagnostic,
diag_2q_q3-q4_f52,transpiled,fake_fez,13,1,1,2,"[3, 4]",,,,local_qiskit,diagnostic,
diag_2q_q3-q4_f53,transpiled,fake_fez,13,1,1,2,"[3, 4]",,,,local_qiskit,diagnostic,
diag_2q_q3-q4_f54,transpiled,fake_fez,13,1,1,2,"[3, 4]",,,,local_qiskit,diagnostic,
diag_2q_q3-q4_f55,transpiled,fake_fez,13,1,1,2,"[3, 4]",,,,local_qiskit,diagnostic,
diag_2q_q3-q4_f56,transpiled,fake_fez,10,1,1,2,"[3, 4]",,,,local_qiskit,diagnostic,
diag_2q_q3-q4_f57,transpiled,fake_fez,12,1,1,2,"[3, 4]",,,,local_qiskit,diagnostic,
diag_2q_q3-q4_f58,transpiled,fake_fez,12,1,1,2,"[3, 4]",,,,local_qiskit,diagnostic,
diag_2q_q3-q4_f59,transpiled,fake_fez,13,1,1,2,"[3, 4]",,,,local_qiskit,diagnostic,
diag_2q_q3-q4_f60,transpiled,fake_fez,10,1,1,2,"[3, 4]",,,,local_qiskit,diagnostic,
diag_2q_q3-q4_f61,transpiled,fake_fez,12,1,1,2,"[3, 4]",,,,local_qiskit,diagnostic,
diag_2q_q3-q4_f62,transpiled,fake_fez,12,1,1,2,"[3, 4]",,,,local_qiskit,diagnostic,
diag_2q_q3-q4_f63,transpiled,fake_fez,13,1,1,2,"[3, 4]",,,,local_qiskit,diagnostic,
diag_2q_q3-q4_f64,transpiled,fake_fez,13,1,1,2,"[3, 4]",,,,local_qiskit,diagnostic,
diag_2q_q3-q4_f65,transpiled,fake_fez,13,1,1,2,"[3, 4]",,,,local_qiskit,diagnostic,
diag_2q_q3-q4_f66,transpiled,fake_fez,13,1,1,2,"[3, 4]",,,,local_qiskit,diagnostic,
diag_2q_q3-q4_f67,transpiled,fake_fez,12,1,1,2,"[3, 4]",,,,local_qiskit,diagnostic,
diag_2q_q3-q4_f68,transpiled,fake_fez,12,1,1,2,"[3, 4]",,,,local_qiskit,diagnostic,
diag_2q_q3-q4_f69,transpiled,fake_fez,13,1,1,2,"[3, 4]",,,,local_qiskit,diagnostic,
diag_2q_q3-q4_f70,transpiled,fake_fez,13,1,1,2,"[3, 4]",,,,local_qiskit,diagnostic,
diag_2q_q3-q4_f71,transpiled,fake_fez,10,1,1,2,"[3, 4]",,,,local_qiskit,diagnostic,
diag_2q_q3-q4_f72,transpiled,fake_fez,10,1,1,2,"[3, 4]",,,,local_qiskit,diagnostic,
diag_2q_q3-q4_f73,transpiled,fake_fez,10,1,1,2,"[3, 4]",,,,local_qiskit,diagnostic,
diag_2q_q3-q4_f74,transpiled,fake_fez,10,1,1,2,"[3, 4]",,,,local_qiskit,diagnostic,
diag_2q_q3-q4_f75,transpiled,fake_fez,10,1,1,2,"[3, 4]",,,,local_qiskit,diagnostic,
diag_2q_q3-q4_f76,transpiled,fake_fez,10,1,1,2,"[3, 4]",,,,local_qiskit,diagnostic,
diag_2q_q3-q4_f77,transpiled,fake_fez,10,1,1,2,"[3, 4]",,,,local_qiskit,diagnostic,
diag_2q_q3-q4_f78,transpiled,fake_fez,10,1,1,2,"[3, 4]",,,,local_qiskit,diagnostic,
diag_2q_q3-q4_f79,transpiled,fake_fez,10,1,1,2,"[3, 4]",,,,local_qiskit,diagnostic,
readout_cal_q0_prep_0,transpiled,fake_fez,1,0,0,0,[0],,,,local_qiskit,readout_calibration,
readout_cal_q0_prep_1,transpiled,fake_fez,2,0,0,1,[0],,,,local_qiskit,readout_calibration,
readout_cal_q1_prep_0,transpiled,fake_fez,1,0,0,0,[1],,,,local_qiskit,readout_calibration,
readout_cal_q1_prep_1,transpiled,fake_fez,2,0,0,1,[1],,,,local_qiskit,readout_calibration,
readout_cal_q2_prep_0,transpiled,fake_fez,1,0,0,0,[2],,,,local_qiskit,readout_calibration,
readout_cal_q2_prep_1,transpiled,fake_fez,2,0,0,1,[2],,,,local_qiskit,readout_calibration,
readout_cal_q3_prep_0,transpiled,fake_fez,1,0,0,0,[3],,,,local_qiskit,readout_calibration,
readout_cal_q3_prep_1,transpiled,fake_fez,2,0,0,1,[3],,,,local_qiskit,readout_calibration,
readout_cal_q4_prep_0,transpiled,fake_fez,1,0,0,0,[4],,,,local_qiskit,readout_calibration,
readout_cal_q4_prep_1,transpiled,fake_fez,2,0,0,1,[4],,,,local_qiskit,readout_calibration,
readout_cal_q0_q1_prep_00,transpiled,fake_fez,1,0,0,0,"[0, 1]",,,,local_qiskit,readout_calibration,
readout_cal_q0_q1_prep_01,transpiled,fake_fez,2,0,0,1,"[0, 1]",,,,local_qiskit,readout_calibration,
readout_cal_q0_q1_prep_10,transpiled,fake_fez,2,0,0,1,"[0, 1]",,,,local_qiskit,readout_calibration,
readout_cal_q0_q1_prep_11,transpiled,fake_fez,2,0,0,2,"[0, 1]",,,,local_qiskit,readout_calibration,
readout_cal_q1_q2_prep_00,transpiled,fake_fez,1,0,0,0,"[1, 2]",,,,local_qiskit,readout_calibration,
readout_cal_q1_q2_prep_01,transpiled,fake_fez,2,0,0,1,"[1, 2]",,,,local_qiskit,readout_calibration,
readout_cal_q1_q2_prep_10,transpiled,fake_fez,2,0,0,1,"[1, 2]",,,,local_qiskit,readout_calibration,
readout_cal_q1_q2_prep_11,transpiled,fake_fez,2,0,0,2,"[1, 2]",,,,local_qiskit,readout_calibration,
readout_cal_q2_q3_prep_00,transpiled,fake_fez,1,0,0,0,"[2, 3]",,,,local_qiskit,readout_calibration,
readout_cal_q2_q3_prep_01,transpiled,fake_fez,2,0,0,1,"[2, 3]",,,,local_qiskit,readout_calibration,
readout_cal_q2_q3_prep_10,transpiled,fake_fez,2,0,0,1,"[2, 3]",,,,local_qiskit,readout_calibration,
readout_cal_q2_q3_prep_11,transpiled,fake_fez,2,0,0,2,"[2, 3]",,,,local_qiskit,readout_calibration,
readout_cal_q3_q4_prep_00,transpiled,fake_fez,1,0,0,0,"[3, 4]",,,,local_qiskit,readout_calibration,
readout_cal_q3_q4_prep_01,transpiled,fake_fez,2,0,0,1,"[3, 4]",,,,local_qiskit,readout_calibration,
readout_cal_q3_q4_prep_10,transpiled,fake_fez,2,0,0,1,"[3, 4]",,,,local_qiskit,readout_calibration,
readout_cal_q3_q4_prep_11,transpiled,fake_fez,2,0,0,2,"[3, 4]",,,,local_qiskit,readout_calibration,
grover_00_q0-q1_d2q2_raw,transpiled,fake_fez,9,2,2,2,"[0, 1]",,,,local_qiskit,,raw_algorithm_level_2
grover_01_q0-q1_d2q2_raw,transpiled,fake_fez,9,2,2,2,"[0, 1]",,,,local_qiskit,,raw_algorithm_level_2
grover_10_q0-q1_d2q2_raw,transpiled,fake_fez,10,2,2,2,"[0, 1]",,,,local_qiskit,,raw_algorithm_level_2
grover_11_q0-q1_d2q2_raw,transpiled,fake_fez,10,2,2,2,"[0, 1]",,,,local_qiskit,,raw_algorithm_level_2
grover_00_q1-q2_d2q2_raw,transpiled,fake_fez,9,2,2,2,"[1, 2]",,,,local_qiskit,,raw_algorithm_level_2
grover_01_q1-q2_d2q2_raw,transpiled,fake_fez,9,2,2,2,"[1, 2]",,,,local_qiskit,,raw_algorithm_level_2
grover_10_q1-q2_d2q2_raw,transpiled,fake_fez,10,2,2,2,"[1, 2]",,,,local_qiskit,,raw_algorithm_level_2
grover_11_q1-q2_d2q2_raw,transpiled,fake_fez,10,2,2,2,"[1, 2]",,,,local_qiskit,,raw_algorithm_level_2
grover_00_q2-q3_d2q2_raw,transpiled,fake_fez,9,2,2,2,"[2, 3]",,,,local_qiskit,,raw_algorithm_level_2
grover_01_q2-q3_d2q2_raw,transpiled,fake_fez,9,2,2,2,"[2, 3]",,,,local_qiskit,,raw_algorithm_level_2
grover_10_q2-q3_d2q2_raw,transpiled,fake_fez,10,2,2,2,"[2, 3]",,,,local_qiskit,,raw_algorithm_level_2
grover_11_q2-q3_d2q2_raw,transpiled,fake_fez,10,2,2,2,"[2, 3]",,,,local_qiskit,,raw_algorithm_level_2
grover_00_q3-q4_d2q2_raw,transpiled,fake_fez,9,2,2,2,"[3, 4]",,,,local_qiskit,,raw_algorithm_level_2
grover_01_q3-q4_d2q2_raw,transpiled,fake_fez,9,2,2,2,"[3, 4]",,,,local_qiskit,,raw_algorithm_level_2
grover_10_q3-q4_d2q2_raw,transpiled,fake_fez,10,2,2,2,"[3, 4]",,,,local_qiskit,,raw_algorithm_level_2
grover_11_q3-q4_d2q2_raw,transpiled,fake_fez,10,2,2,2,"[3, 4]",,,,local_qiskit,,raw_algorithm_level_2
