channel_key,features,predicted_alpha,predicted_gamma,predicted_kappa_down,held_out_prediction_rmse,model_kind,feature_regime,feature_stage,inference_backend,model_source,trained_model,is_primary
q0,"[0.9920938419307619, 0.00395256117048004, 0.09090899387738477, -0.9920938498358842, -0.003952569075602208, 0.00395256117048004, -0.003952569075602208, 0.9841887116846797, -0.027667959813849008, 0.011857691416562288, -0.9920938498358842, 0.043478212400891225, -0.003952569075602208, 0.08300386363130263, 0.9841887116846797, 0.09090899387738477, 0.019762821662644592, -0.9683784590976374]","{""X"": -0.028125416907671896, ""Y"": -0.03815884808854001, ""Z"": 0.004494782097465011}","{""X"": 0.005667177549129463, ""Y"": 0.0024115530470533598, ""Z"": 0.003133992014469218}","{""down"": 0.013163868776313115}",0.026565447478664277,ridge,readout_corrected,readout_mitigated,classical_cpu,artifact:ridge_1q_256_readout_corrected.npz,True,True
q1,"[0.9919989677501944, -0.031999958443571674, -0.04799994166534921, -0.9839989601393386, -0.22399975710490289, 0.06399994088709388, 0.03199997444353869, 0.9919989677501944, -0.015999975221794138, -0.015999975221794138, -1.0, -0.0399999500544605, -0.023999966832682906, -0.031999958443571674, 0.9999989593610832, -0.09599989133068204, -0.12799985777423722, -0.999998943361116]","{""X"": -0.024720321951384412, ""Y"": 0.061067622290301604, ""Z"": 0.053277451236343365}","{""X"": 0.0022771764983770607, ""Y"": 0.003947377251896669, ""Z"": 0.00761302440975235}","{""down"": 0.004901755993656047}",0.06565373176867075,ridge,readout_corrected,readout_mitigated,classical_cpu,artifact:ridge_1q_256_readout_corrected.npz,True,True
q2,"[0.9999989882055607, -0.13725476754685184, 0.019607819453480946, -0.9921558666986654, -0.0666666033967021, 0.11372537165368052, 0.09019598360363063, 1.0, -0.027450956646619007, -0.04313721534665221, -0.9764696079986321, 0.07450972490359736, 0.1372547597037304, 0.09803911295364731, 0.9843127295055274, -0.03529408599663558, -0.027450956646619007, -0.9921558666986654]","{""X"": -0.05430348044989042, ""Y"": 0.06946720507649795, ""Z"": -0.03774061043600736}","{""X"": 0.004613810235518897, ""Y"": 0.0010362046154758046, ""Z"": 0.004193562963915692}","{""down"": 0.012750954147770603}",0.048040988519504786,ridge,readout_corrected,readout_mitigated,classical_cpu,artifact:ridge_1q_256_readout_corrected.npz,True,True
q3,"[0.9837387801202965, -0.024390209357296688, 0.04878044310478674, -1.0, 0.024390225617425598, -0.07317064433201886, -0.09756086181938001, 0.9756087076245095, -0.04878042684465783, 0.05691051560057375, -0.9999989088517416, 0.08130073308793495, 0.016260153121638476, -0.10569093431516702, 0.9918688526160835, -0.04065035434887071, 0.05691051560057375, -1.0]","{""X"": 0.025189301429252336, ""Y"": -0.006356921479490761, ""Z"": 0.03688822781384159}","{""X"": 0.00608229098358261, ""Y"": 0.0, ""Z"": 0.004049185847148475}","{""down"": 0.004959983072247556}",0.05039975756021359,ridge,readout_corrected,readout_mitigated,classical_cpu,artifact:ridge_1q_256_readout_corrected.npz,True,True
q4,"[0.9999989920030001, 0.0393700466192361, -0.007873999875047388, -1.0, 0.00787401562304707, 0.031496038870188814, 0.031496038870188814, 0.9921249842539528, -0.07874006961647245, -0.0629920541183781, -1.0, -0.10236209286361436, 0.06299206986637779, -0.031496023122189076, 0.9921249842539528, 0.015748023372094355, 0.023622031121141696, -1.0]","{""X"": 0.019176595692941188, ""Y"": 0.0328526172111085, ""Z"": -0.009544985737817133}","{""X"": 0.005785079592941283, ""Y"": 0.0037224587907386635, ""Z"": 0.004011357245200384}","{""down"": 0.00011181977614094923}",0.03928748408086925,ridge,readout_corrected,readout_mitigated,classical_cpu,artifact:ridge_1q_256_readout_corrected.npz,True,True
q0-q1,"[0.9676430293068341, 1.0, 0.9508059597229755, -1.0, 0.976591382590857, -1.0, 0.10482092591196515, -0.15039817410502593, -0.04333034574980088, 0.10607748588427598, 0.9794509390268937, 0.9547928508888133, 0.9877811226457872, 0.9463006848846007, 0.9824796028871993, 1.0, 0.9339856945473438, 0.9420158119247009, 0.93842192745761, 0.9875867437834045, 0.9640173063786484, 0.9947833349997321, 1.0, -0.9370103617501823, -0.9999988908684189, -1.0, 0.9465534832401395, 0.9805278367469272, -1.0, -0.9754055956844663, -0.957394248738088, -1.0, -0.9920309060254164, 0.9760519885966314, 1.0, 0.999547728441609, 0.9970371421060022, 0.9812346333996197, -1.0, -0.9870140436986838, 0.9632786434320544, 0.9522076029852045, 0.9958480497006656, 0.9833293403931695, 1.0, -1.0, -0.9882839642055163, -0.9840607351231138, 0.010060172383542343, 0.06154511587571118, 0.002562793591976309, -0.13403149964780356, -0.13342074472977813, -0.1754189969517798, -0.03735411956781648, -0.04471444946768299, -0.10009571232920028, -0.027447098766401, 0.00029980818604957715, -0.06373028723093804, 0.0050421193979783285, -0.08394939586991494, -0.03728930217050838, -0.03219971299360312, 0.006909979606434358, 0.07298777572212944, 0.006186448872652683, 0.0984719179105375, -0.009307188917862697, -0.06664145810202732, -0.01201668965256214, -0.03231298110596806, -0.023898221854975477, 0.0003004556497694377, -0.056414883859560616, -0.005298604512298268, -0.015980032376128134, -0.04167137517374192, 0.04789166790868926, -0.11330270079574103]","{""IZ"": -0.0002718104107188382, ""ZI"": 0.0417596479489045, ""ZX"": 0.006792526556443875, ""ZZ"": 0.005858955762127005}","{""IZ"": 0.006474367474120054, ""ZI"": 0.007175550031260027, ""ZX"": 0.0021698579924699334, ""ZZ"": 0.0043343959323161076}",{},0.048135517338559176,ridge,readout_corrected,readout_mitigated,classical_cpu,artifact:ridge_2q_256_readout_corrected.npz,True,True
q1-q2,"[0.9758694768954208, 0.999789315707178, 0.9677723968891377, -0.9970236030514839, 0.9939481260000613, -1.0, 0.050555645443720265, 0.018045244066425825, 0.011859586342893635, -0.013995761850051691, 0.9850593395058229, 0.9958641326196347, 0.9878693981147793, 0.9877898456478658, 0.9855292430764782, 1.0, 0.9813940916547115, 0.9918284066646992, 1.0, 0.9853726085529264, 0.9996152054391039, 1.0, 0.9881879649493372, -0.9760561083322338, -1.0, -0.9997726393338234, 0.9799011635691652, 1.0, -1.0, -1.0, -1.0, -0.9999989801119971, -0.984154554233864, 0.996093720123596, 0.9960619636959591, 0.9958813780148357, 0.9880604692988357, 1.0, -0.9596244714219777, -0.9971493359024852, 0.9640588030716906, 0.9962224820937327, 1.0, 0.9841454055792542, 1.0, -0.9947077281927215, -0.9900231195667597, -0.9999784618045572, -0.05170699957019498, -0.009579681135357399, 0.03760182668762915, -0.030187904723986997, -0.013897063224485195, -0.05447745779416863, 0.14168236974599355, -0.05778999786972043, -0.023655155075295142, 0.0022966096600542663, -0.020058501039742382, 0.01992791453706455, -0.05066462710933162, -0.06197610175776749, 0.07177455809332983, 0.02001973540393348, 0.08771383253202503, 0.042171701937050526, 0.009912384310650502, -0.007980520014491788, -0.005080474032661153, 0.07953864073901867, 0.039309163453050466, -0.027740202415073356, -0.07651696146841258, -0.03475355069052012, 0.08412392927379997, -0.016094971549704715, -0.06775110141414437, -0.01040433574806321, 0.0451575878705513, -0.023956344459687307]","{""IZ"": 0.0010903007076952763, ""ZI"": 0.012008988029064221, ""ZX"": 0.017324118488223333, ""ZZ"": -0.01819591909375036}","{""IZ"": 0.0006622100108004507, ""ZI"": 0.0015944944121353225, ""ZX"": 0.0, ""ZZ"": 0.003346774604247099}",{},0.03324970104062919,ridge,readout_corrected,readout_mitigated,classical_cpu,artifact:ridge_2q_256_readout_corrected.npz,True,True
q2-q3,"[0.9753060557239318, 1.0, 0.9917354144866982, -1.0, 0.9922559489846927, -1.0, -0.099390731197361, -0.032410354874701564, -0.06872842473506924, -0.03756790803207136, 1.0, 0.9919162167726456, 1.0, 0.9886398407258954, 0.9496793685410583, 0.9416761623810439, 0.987412079916054, 0.9608188169584275, 0.9919956821442748, 1.0, 1.0, 1.0, 0.9790929899584342, -0.9960354529219173, -1.0, -1.0, 0.9888382813922529, 0.9668569816429684, -1.0, -0.9836924696870031, -0.9998659837545787, -1.0, -1.0, 0.99168655257736, 0.987412079916054, 0.9877714826583505, 1.0, 0.9797369828919598, -0.9846048796734146, -1.0, 0.9658580330419142, 0.9919956821442748, 0.9635076964071773, 0.9624548100431947, 0.9500456925575436, -1.0, -1.0, -1.0, -0.04415507482879244, 0.08860752297084573, -0.04998202195811374, -0.00735966903298621, -0.0316295543534473, -0.10717578927757557, -0.021309173725548802, -0.07408035038826015, -0.13996526076521393, -0.03974183455336178, 0.004095555339179324, -0.14835725439652664, 0.051744720951781786, -0.06467707669161382, -0.054746837012967925, -0.09833735648867514, -0.054280656538798655, -0.0022480117745892203, 0.04952970069878218, 0.05667730611367011, -0.15626373121166887, -0.03855689056739314, -0.01020015284862652, -0.02725202713826891, 0.0275433352763626, 0.05139011076494743, 0.011246957444049688, 0.010461661106792697, -0.05142674238839995, 0.06771448511548717, 0.09570034615037715, -0.11062403144181343]","{""IZ"": -0.02227634396512609, ""ZI"": 0.00700805926020635, ""ZX"": -0.012019143663824703, ""ZZ"": 0.016337579964674512}","{""IZ"": 0.006384900851799196, ""ZI"": 0.000703025772814508, ""ZX"": 0.0022245136975040224, ""ZZ"": 0.003996214511480559}",{},0.04667342962723332,ridge,readout_corrected,readout_mitigated,classical_cpu,artifact:ridge_2q_256_readout_corrected.npz,True,True
q3-q4,"[0.9918577251837362, 0.9988929228925437, 0.9714958515318424, -1.0, 0.975317208715893, -0.9757485822801997, -0.0401968852957208, 0.03190487531686109, 0.019607835059066086, -0.11923026295621289, 0.9992628075657994, 0.9767423977001709, 0.9675434334323514, 0.9841992304170524, 0.9428617001227706, 0.9894046103489276, 0.97609460185155, 0.9681220874251328, 0.9431856065715367, 0.9581316664080668, 0.9973973696633409, 0.9920286707909534, 0.9681241197757251, -0.9843127417455835, -0.9760989973926097, -0.9354765965531885, 0.9920956042455676, 0.9917716976582318, -0.9960608215687802, -0.9999989514796963, -1.0, -1.0, -1.0, 0.9920286708006296, 0.9680617012981396, 0.9841855416354792, 0.9920924365016339, 0.9999989920980392, -0.9815604544364183, -1.0, 0.9829614213645003, 0.9672843081624826, 0.9920924308375609, 0.9999989998734082, 0.97609460185155, -0.999937052210398, -0.9896304470826869, -0.9714958515318424, -0.11722201362898418, 0.0745097330024318, 0.08235286227446156, 0.07226372189774438, 0.04045602682571814, -0.008648315216423702, -0.0916333664806557, 0.05179277851919279, -0.11372537992077619, -0.008453971125452348, -0.02892415988545749, -0.011183190456667769, -0.022539411870659276, 0.16164832838868748, -0.051804282836925675, -0.04402926745005897, 0.006474132269044586, -0.14585543717550672, -0.08120354518984568, 0.05133929162444739, 0.09362727608540461, -0.17306367111418752, -0.09905900615860946, 0.003980245101369573, -0.08367973561803677, 0.08773008037783453, 0.14113020627066739, -0.06846789836128807, -0.06849953428466246, -0.02783124874266335, -0.07564376536046974, 0.1450979042309076]","{""IZ"": 0.013760967708232489, ""ZI"": -0.08468962378199561, ""ZX"": 0.03136122631653077, ""ZZ"": -0.03367507742820054}","{""IZ"": 0.0009730210857580527, ""ZI"": 0.002540440468854571, ""ZX"": 0.0, ""ZZ"": 0.010054729649202903}",{},0.06165886140732667,ridge,readout_corrected,readout_mitigated,classical_cpu,artifact:ridge_2q_256_readout_corrected.npz,True,True
