track,family,model_kind,inference_backend,status,dataset,sample_index,alpha_mae,gamma_mae,true_alpha,predicted_alpha,true_gamma,predicted_gamma,model_source,kappa_mae
synthetic_ground_truth,1q,ridge,classical_cpu,evaluated,artifacts/datasets/1q_mixed_channel_test.npz,0,0.01364990658851143,0.003120285841569271,"[-0.10058986395597458, 0.11581959575414658, -0.06238973140716553]","[-0.07694869921955456, 0.10644523055015045, -0.05445554158204737]","[0.009103495627641678, 0.020915277302265167, 0.01986890286207199]","[0.015834800037682333, 0.018500026859742842, 0.01965460018992716]",artifact:ridge_1q_256.npz,0.006181337216693769
synthetic_ground_truth,1q,ridge,classical_cpu,evaluated,artifacts/datasets/1q_mixed_channel_test.npz,1,0.020889217379638014,0.00786145747595104,"[0.07425586134195328, -0.09378113597631454, 0.048400990664958954]","[0.10755932296392948, -0.09654374980614207, 0.021799413977848632]","[0.009880861267447472, 0.028978321701288223, 0.010280145332217216]","[0.004296500287707436, 0.0154853692526723, 0.014787204331714373]",artifact:ridge_1q_256.npz,0.016760586422180344
synthetic_ground_truth,1q,ridge,classical_cpu,evaluated,artifacts/datasets/1q_mixed_channel_test.npz,2,0.017327915506122088,0.0014741657761366829,"[-0.0036983864847570658, 0.010575343854725361, -0.10094919055700302]","[0.0016635989166766882, 0.007077306166634233, -0.1440729139858444]","[0.014855475164949894, 0.01788671687245369, 0.007759765721857548]","[0.011408558303985673, 0.016918179713947868, 0.007752722412917542]",artifact:ridge_1q_256.npz,0.01755529251487295
synthetic_ground_truth,1q,ridge,classical_cpu,evaluated,artifacts/datasets/1q_mixed_channel_test.npz,3,0.013203048011719525,0.0033692966597536358,"[0.1040920838713646, -0.04036077857017517, -0.05739728361368179]","[0.09478050805834345, -0.05067289007377046, -0.037411826895139645]","[0.022521596401929855, 0.02001991868019104, 0.012414646334946156]","[0.01791215397041414, 0.021083439178856585, 0.016849573384025804]",artifact:ridge_1q_256.npz,0.006058794432332412
synthetic_ground_truth,1q,ridge,classical_cpu,evaluated,artifacts/datasets/1q_mixed_channel_test.npz,4,0.040026082795055797,0.007427842810728329,"[0.09545112401247025, 0.1200079470872879, -0.07035673409700394]","[0.05866902629949255, 0.08632544119097893, -0.020743089321123204]","[0.001641442533582449, 0.023818520829081535, 0.027095839381217957]","[0.015510124080275219, 0.02015902584821159, 0.022340487476595686]",artifact:ridge_1q_256.npz,0.007657111465091026
synthetic_ground_truth,1q,ridge,classical_cpu,evaluated,artifacts/datasets/1q_mixed_channel_test.npz,5,0.039430010446826196,0.007588439843996248,"[0.1403583139181137, 0.04459797963500023, 0.02650619111955166]","[0.06001945704117619, 0.06265961055592978, 0.006616647576940138]","[0.028883924707770348, 0.010474312119185925, 0.0016712959622964263]","[0.018766474907231302, 0.013370703527415402, 0.011422774285516649]",artifact:ridge_1q_256.npz,0.01385118341229875
synthetic_ground_truth,1q,ridge,classical_cpu,evaluated,artifacts/datasets/1q_mixed_channel_test.npz,6,0.020962604326070024,0.004914789841223875,"[-0.07667708396911621, 0.04293917492032051, 0.10797186940908432]","[-0.05760148857901573, 0.012644698396813257, 0.09445412834448198]","[0.019076870754361153, 0.012055343948304653, 0.02508831024169922]","[0.01037047885564208, 0.009653234247928175, 0.021452442317123142]",artifact:ridge_1q_256.npz,0.005479734032092433
synthetic_ground_truth,1q,ridge,classical_cpu,evaluated,artifacts/datasets/1q_mixed_channel_test.npz,7,0.03514690763559825,0.006447946021693109,"[0.12810257077217102, 0.1047593504190445, 0.127885639667511]","[0.14086482536023154, 0.08479440814735607, 0.055172113620465174]","[0.027642646804451942, 0.011289934627711773, 0.020955143496394157]","[0.01855229712863226, 0.014954555198947402, 0.014366275678370143]",artifact:ridge_1q_256.npz,0.020512741239833578
synthetic_ground_truth,1q,ridge,classical_cpu,evaluated,artifacts/datasets/1q_mixed_channel_test.npz,8,0.02998546018493557,0.005272074453236894,"[0.052896127104759216, 0.06292270123958588, -0.14785484969615936]","[0.02823283901519255, 0.057227215820068324, -0.08825724265043687]","[0.0022607215214520693, 0.014927688986063004, 0.012220937758684158]","[0.011105088041243452, 0.01944027033480049, 0.014680213249865973]",artifact:ridge_1q_256.npz,0.016612051763614265
synthetic_ground_truth,1q,ridge,classical_cpu,evaluated,artifacts/datasets/1q_mixed_channel_test.npz,9,0.007975484812572462,0.004272309294578134,"[0.05072183534502983, 0.0018786180298775434, -0.004296531435102224]","[0.052702511486981005, 0.017201144948182208, -0.010919782812563773]","[0.028834059834480286, 0.01194830797612667, 0.016943516209721565]","[0.018946484377973024, 0.011065866334542306, 0.014896605424078791]",artifact:ridge_1q_256.npz,0.010447130967621064
synthetic_ground_truth,1q,ridge,classical_cpu,evaluated,artifacts/datasets/1q_mixed_channel_test.npz,10,0.04127220507655318,0.002823182867426816,"[-0.1443486511707306, -0.026224704459309578, -0.029901379719376564]","[-0.03930886339182164, -0.037688948987784285, -0.022588796797100692]","[0.024613160640001297, 0.00042615956044755876, 0.015833497047424316]","[0.022685485753381265, 0.0, 0.009717782892211459]",artifact:ridge_1q_256.npz,0.003006836861501938
synthetic_ground_truth,1q,ridge,classical_cpu,evaluated,artifacts/datasets/1q_mixed_channel_test.npz,11,0.02001769420544644,0.006178937348693705,"[0.08913107961416245, 0.0703844204545021, -0.0020047093275934458]","[0.07996273763912655, 0.032130867923536, 0.01062647878274387]","[0.01731712371110916, 0.00916842371225357, 0.02098056674003601]","[0.008955018501395925, 0.016726531116753648, 0.02359716617190381]",artifact:ridge_1q_256.npz,0.015061807069936088
synthetic_ground_truth,1q,ridge,classical_cpu,evaluated,artifacts/datasets/1q_mixed_channel_test.npz,12,0.026100606270088367,0.004406134511125106,"[-0.07123204320669174, -0.009697318077087402, 0.06888682395219803]","[-0.046021058902458174, 0.006130284354562239, 0.031623591877816146]","[0.009333210997283459, 0.0031967470422387123, 0.008154882118105888]","[0.012543395924686021, 0.009558784963638153, 0.011801062802679202]",artifact:ridge_1q_256.npz,0.026814562899595606
synthetic_ground_truth,1q,ridge,classical_cpu,evaluated,artifacts/datasets/1q_mixed_channel_test.npz,13,0.026341185097986868,0.0038473520027028966,"[-0.0197121724486351, 0.09012439846992493, 0.06889818608760834]","[0.02699968710155413, 0.07996052957258164, 0.04675035924118027]","[0.024312429130077362, 0.014123483560979366, 0.02349127270281315]","[0.015695072990129764, 0.014278116744318767, 0.020721206017991458]",artifact:ridge_1q_256.npz,0.019215015704641958
synthetic_ground_truth,1q,ridge,classical_cpu,evaluated,artifacts/datasets/1q_mixed_channel_test.npz,14,0.007569049986463581,0.007280326405822647,"[0.142153799533844, 0.05170292779803276, 0.14070388674736023]","[0.15, 0.04613809155743778, 0.15]","[0.01105189323425293, 0.021697452291846275, 0.016132334247231483]","[0.015845187012528177, 0.009956148744654655, 0.010825952355230407]",artifact:ridge_1q_256.npz,0.00890573447661536
synthetic_ground_truth,1q,ridge,classical_cpu,evaluated,artifacts/datasets/1q_mixed_channel_test.npz,15,0.02986426941383175,0.00652918358501241,"[-0.0103757930919528, 0.030295979231595993, -0.06337787955999374]","[0.02566010461516909, 0.06404947962901139, -0.08318128969695171]","[0.020799953490495682, 0.008847486227750778, 3.3287080441368744e-05]","[0.011964233050732785, 0.006279117931285539, 0.008216749099250461]",artifact:ridge_1q_256.npz,0.0022870825034084566
synthetic_ground_truth,1q,ridge,classical_cpu,evaluated,artifacts/datasets/1q_mixed_channel_test.npz,16,0.01892131903033174,0.0019935678507617496,"[-0.056346505880355835, 0.056227412074804306, 0.06712935119867325]","[-0.03523357426127347, 0.031059940232989688, 0.07761290482877148]","[0.027299625799059868, 0.02526429295539856, 0.018337823450565338]","[0.02651830355167572, 0.03, 0.017874149190265677]",artifact:ridge_1q_256.npz,0.029867491688308597
synthetic_ground_truth,1q,ridge,classical_cpu,evaluated,artifacts/datasets/1q_mixed_channel_test.npz,17,0.020994459089392025,0.008959208133852727,"[-0.003888489445671439, -0.06781047582626343, 0.004636568017303944]","[-0.025505484072503498, -0.058168360316868575, -0.027087699114645217]","[0.014441083185374737, 0.002480483613908291, 0.02830865979194641]","[0.015504296625206491, 0.020566335061909954, 0.020580100278221648]",artifact:ridge_1q_256.npz,0.0011640823684807393
synthetic_ground_truth,1q,ridge,classical_cpu,evaluated,artifacts/datasets/1q_mixed_channel_test.npz,18,0.011502336302215177,0.00141434339977713,"[-0.0418509915471077, 0.10850781947374344, 0.02955208532512188]","[-0.04880825167909288, 0.12323034419442946, 0.042379309379096196]","[0.007168645039200783, 0.0036323501262813807, 0.00848710723221302]","[0.006351664159460856, 0.006270272757300837, 0.009275233920785027]",artifact:ridge_1q_256.npz,0.009670274813413073
synthetic_ground_truth,1q,ridge,classical_cpu,evaluated,artifacts/datasets/1q_mixed_channel_test.npz,19,0.016790146939274535,0.0044536128206650065,"[-0.12216643244028091, -0.09369712322950363, -0.12685337662696838]","[-0.09973663586965645, -0.11798648407381955, -0.12320209322408517]","[0.010181180201470852, 0.003944745287299156, 0.003761446801945567]","[0.013994741670490413, 0.0, 0.00936397850762187]",artifact:ridge_1q_256.npz,0.0038965183998321898
synthetic_ground_truth,1q,ridge,classical_cpu,evaluated,artifacts/datasets/1q_mixed_channel_test.npz,20,0.028311497078354998,0.006583776208186919,"[-0.07224980741739273, -0.09923415631055832, -0.14120511710643768]","[-0.1002337350037765, -0.04467194446648504, -0.14359346891104563]","[0.027806945145130157, 0.014365695416927338, 0.012059028260409832]","[0.01929153366120311, 0.018942402390511016, 0.01871823842745986]",artifact:ridge_1q_256.npz,0.02387098873309611
synthetic_ground_truth,1q,ridge,classical_cpu,evaluated,artifacts/datasets/1q_mixed_channel_test.npz,21,0.043492170375252014,0.006526602356450222,"[0.14071431756019592, 0.10374618321657181, -0.012346348725259304]","[0.13222497406191658, 0.02000298452820564, -0.050590317664369826]","[0.0032267642673105, 0.009947745129466057, 0.02709316648542881]","[0.010871180539231669, 0.015248865467444856, 0.020458896025978113]",artifact:ridge_1q_256.npz,0.010598519992798767
synthetic_ground_truth,1q,ridge,classical_cpu,evaluated,artifacts/datasets/1q_mixed_channel_test.npz,22,0.028140157581033897,0.008146482142787277,"[0.07119873911142349, 0.08857583999633789, -0.07948174327611923]","[0.08898365492762003, 0.07712702135728931, -0.024295004988262654]","[0.022620752453804016, 0.00374408345669508, 0.027954408898949623]","[0.01783635420402562, 0.01781183028387816, 0.022367107547549267]",artifact:ridge_1q_256.npz,0.006826029385099677
synthetic_ground_truth,1q,ridge,classical_cpu,evaluated,artifacts/datasets/1q_mixed_channel_test.npz,23,0.044862810115574615,0.003668510130226739,"[0.01584063097834587, 0.1315893977880478, -0.06626284122467041]","[0.10544468880143851, 0.15, -0.0396890709129914]","[0.0019520538626238704, 0.0014316857559606433, 0.01709967479109764]","[0.0028880156366808338, 0.009406061112638461, 0.019194868051043076]",artifact:ridge_1q_256.npz,0.013516180191517742
synthetic_ground_truth,1q,ridge,classical_cpu,evaluated,artifacts/datasets/1q_mixed_channel_test.npz,24,0.03968882179979747,0.0018759049874273379,"[0.03840716928243637, -0.08531752228736877, -0.11891113966703415]","[0.09857240207335531, -0.050075173494679756, -0.0952522558512497]","[0.010599317029118538, 0.02717440575361252, 0.02948351576924324]","[0.005722076707530877, 0.027408396163550112, 0.03]",artifact:ridge_1q_256.npz,0.017719882074064476
synthetic_ground_truth,1q,ridge,classical_cpu,evaluated,artifacts/datasets/1q_mixed_channel_test.npz,25,0.02716995480462138,0.006401259216270487,"[0.14456497132778168, 0.09328553825616837, -0.009127416647970676]","[0.10638551423956796, 0.10671067193423595, 0.02077785699961217]","[0.007041264325380325, 0.016446428373456, 0.007087786681950092]","[0.014020252861809999, 0.011862123822039852, 0.014728271242915732]",artifact:ridge_1q_256.npz,0.0205923343627962
synthetic_ground_truth,1q,ridge,classical_cpu,evaluated,artifacts/datasets/1q_mixed_channel_test.npz,26,0.02327420986952709,0.004278346015269286,"[-0.08171726018190384, 0.011382398195564747, -0.005008750595152378]","[-0.10129141783658457, 0.01444395100247465, 0.042178168551838244]","[0.010590596124529839, 0.00294180354103446, 0.01609661988914013]","[0.01276568583569063, 0.005032272882007907, 0.007527140895466508]",artifact:ridge_1q_256.npz,0.009593549033909434
synthetic_ground_truth,1q,ridge,classical_cpu,evaluated,artifacts/datasets/1q_mixed_channel_test.npz,27,0.03961812703606258,0.0031040667089656075,"[0.12315589934587479, 0.0965355858206749, 0.091249980032444]","[0.11175291262888187, 0.02105586432402949, 0.12322165292699341]","[0.023595497012138367, 0.004707522690296173, 0.010423691011965275]","[0.0199595034622501, 0.009232378339734525, 0.011575041939535478]",artifact:ridge_1q_256.npz,0.006236702447226183
synthetic_ground_truth,1q,ridge,classical_cpu,evaluated,artifacts/datasets/1q_mixed_channel_test.npz,28,0.011438537355803474,0.006417966010318753,"[-0.054884545505046844, -0.03487212583422661, 0.11756568402051926]","[-0.04373958943593687, -0.022095149487271697, 0.10717200436917372]","[0.028721392154693604, 0.006005810108035803, 0.018255434930324554]","[0.015695036242061075, 0.006589500060480672, 0.012611582764445694]",artifact:ridge_1q_256.npz,0.005525803226328445
synthetic_ground_truth,1q,ridge,classical_cpu,evaluated,artifacts/datasets/1q_mixed_channel_test.npz,29,0.020057660441871034,0.005098585542055559,"[0.05162276700139046, -0.04108397662639618, -0.04637601971626282]","[0.07127710941105952, -0.062109147945034165, -0.06586948731356887]","[0.02847706712782383, 0.010677973739802837, 0.029334502294659615]","[0.028286279963903052, 0.013239105400447659, 0.016790664493058535]",artifact:ridge_1q_256.npz,0.013761007599591077
synthetic_ground_truth,1q,ridge,classical_cpu,evaluated,artifacts/datasets/1q_mixed_channel_test.npz,30,0.03941041322826871,0.006796105025256998,"[0.11917340755462646, 0.14138482511043549, 0.09707947075366974]","[0.11858729990319322, 0.08744605762071851, 0.03337310621001384]","[0.007783834356814623, 0.0034416343551129103, 0.01324321236461401]","[0.01253358564455452, 0.015428817732428525, 0.009591831953898528]",artifact:ridge_1q_256.npz,0.0009230589832607272
synthetic_ground_truth,1q,ridge,classical_cpu,evaluated,artifacts/datasets/1q_mixed_channel_test.npz,31,0.01223971351583728,0.005366306414219705,"[-0.05812811106443405, 0.12442636489868164, -0.14876286685466766]","[-0.04911823045140816, 0.15, -0.14662724202150007]","[0.004959802608937025, 0.001411376753821969, 0.022996874526143074]","[0.007046318792216351, 0.009926269465430872, 0.01749936417837219]",artifact:ridge_1q_256.npz,0.011200803340600751
synthetic_ground_truth,1q,ridge,classical_cpu,evaluated,artifacts/datasets/1q_mixed_channel_test.npz,32,0.01869014108844677,0.007619034517434353,"[0.004773607011884451, -0.14332544803619385, -0.11131289601325989]","[0.036781428174534087, -0.13337368388985454, -0.09720205805690851]","[0.014414439909160137, 0.0014018536312505603, 0.028392624109983444]","[0.01693904624394909, 0.005992869614031761, 0.012651142875250536]",artifact:ridge_1q_256.npz,0.0006276995004404658
synthetic_ground_truth,1q,ridge,classical_cpu,evaluated,artifacts/datasets/1q_mixed_channel_test.npz,33,0.025477297528394435,0.0022670915979151676,"[-0.018563924357295036, -0.10117217898368835, -0.10667350143194199]","[0.011683741106285662, -0.08482138108149387, -0.07684007221253386]","[0.0114177530631423, 0.011231315322220325, 0.005114074796438217]","[0.013761092243370633, 0.011869706714488806, 0.008933619017686906]",artifact:ridge_1q_256.npz,0.004241929748656056
synthetic_ground_truth,1q,ridge,classical_cpu,evaluated,artifacts/datasets/1q_mixed_channel_test.npz,34,0.017908894949873244,0.009018361071271977,"[0.06257607042789459, 0.07314684242010117, 0.095927394926548]","[0.025499806808080366, 0.0727524628084605, 0.07967135330838317]","[0.017665499821305275, 0.0039809211157262325, 0.006080253981053829]","[0.00967931995835638, 0.017455924081217433, 0.011674154366429662]",artifact:ridge_1q_256.npz,0.0019746036688188112
synthetic_ground_truth,1q,ridge,classical_cpu,evaluated,artifacts/datasets/1q_mixed_channel_test.npz,35,0.02652992401095222,0.006627131361633977,"[-0.06140550598502159, -0.09897389262914658, 0.07664661854505539]","[-0.0723422055188937, -0.07142047769004, 0.03554696098517742]","[0.02603731118142605, 0.02076241560280323, 0.004348214715719223]","[0.02532391907224923, 0.01325563775514431, 0.016009438843785414]",artifact:ridge_1q_256.npz,0.009308639857584892
synthetic_ground_truth,1q,ridge,classical_cpu,evaluated,artifacts/datasets/1q_mixed_channel_test.npz,36,0.010740021614374658,0.009360833262137483,"[-0.041594069451093674, -0.02064678631722927, 0.02793867513537407]","[-0.038402274470435295, -0.03875204498724946, 0.017015663942928666]","[9.915765258483589e-05, 0.024731889367103577, 0.002957034856081009]","[0.009422452015019084, 0.01193781629775768, 0.00892216721071331]",artifact:ridge_1q_256.npz,0.0252855242716589
synthetic_ground_truth,1q,ridge,classical_cpu,evaluated,artifacts/datasets/1q_mixed_channel_test.npz,37,0.015965812019126818,0.005716487123294204,"[0.12689687311649323, 0.14770330488681793, -0.06450086086988449]","[0.14048846604244197, 0.15, -0.03249171285163485]","[0.008366153575479984, 0.015757348388433456, 0.02805270254611969]","[0.00660541607039954, 0.02751251220800338, 0.024419142500887447]",artifact:ridge_1q_256.npz,0.010422346735245114
synthetic_ground_truth,1q,ridge,classical_cpu,evaluated,artifacts/datasets/1q_mixed_channel_test.npz,38,0.05320030206366266,0.0036819332839574995,"[0.07642470300197601, 0.0252485740929842, 0.10824345797300339]","[0.03395464428129087, -0.0250873931287531, 0.04144857772443782]","[0.025278987362980843, 0.00587890762835741, 0.011560451239347458]","[0.020477352693841194, 0.011425582858875058, 0.01225794119156266]",artifact:ridge_1q_256.npz,0.0004997136190313667
synthetic_ground_truth,1q,ridge,classical_cpu,evaluated,artifacts/datasets/1q_mixed_channel_test.npz,39,0.024164001881604752,0.0037010882769723335,"[-0.05778779461979866, 0.11740332841873169, 0.09044265002012253]","[-0.10955381078839947, 0.11514635342796753, 0.10891166450557181]","[0.0012739842059090734, 0.008931344375014305, 0.007528923451900482]","[0.006856060755143053, 0.006783933731929941, 0.010902701090499138]",artifact:ridge_1q_256.npz,0.001055095494279422
synthetic_ground_truth,1q,ridge,classical_cpu,evaluated,artifacts/datasets/1q_mixed_channel_test.npz,40,0.05397962497108858,0.005888655830843653,"[0.08705227077007294, -0.14274942874908447, -0.13358762860298157]","[0.007010246637272195, -0.09805137379706871, -0.09638883277453233]","[0.004871262237429619, 0.015594188123941422, 0.00533636100590229]","[0.007131558440806596, 0.0232914541459278, 0.01304476627306989]",artifact:ridge_1q_256.npz,0.0010391313959623588
synthetic_ground_truth,1q,ridge,classical_cpu,evaluated,artifacts/datasets/1q_mixed_channel_test.npz,41,0.0152382587856972,0.001942503330587208,"[0.01832418330013752, 0.13905778527259827, 0.02706081233918667]","[0.028781770051823002, 0.11231688816995326, 0.03557710484194778]","[0.01714375801384449, 0.002701421035453677, 0.010830024257302284]","[0.01454379647013033, 0.005667049129728673, 0.010568103903529816]",artifact:ridge_1q_256.npz,0.019626246629712525
synthetic_ground_truth,1q,ridge,classical_cpu,evaluated,artifacts/datasets/1q_mixed_channel_test.npz,42,0.02652318457402765,0.0058414154608296765,"[-0.10875269770622253, 0.13029910624027252, 0.11417751759290695]","[-0.052912826924336374, 0.10969132037289739, 0.11729941466572862]","[0.029889535158872604, 0.026345018297433853, 0.026014698669314384]","[0.020275076107577353, 0.02958633028646294, 0.021346223327149694]",artifact:ridge_1q_256.npz,0.012214109644656565
synthetic_ground_truth,1q,ridge,classical_cpu,evaluated,artifacts/datasets/1q_mixed_channel_test.npz,43,0.019085814561182135,0.00584032654335406,"[0.03323584049940109, 0.09151508659124374, 0.14154858887195587]","[0.013336181372273301, 0.07801086449655278, 0.11769502641022822]","[0.015939584001898766, 0.008735663257539272, 0.011496612802147865]","[0.02325310339207091, 0.0014565743589659078, 0.014424984143464537]",artifact:ridge_1q_256.npz,0.0029025193969945892
synthetic_ground_truth,1q,ridge,classical_cpu,evaluated,artifacts/datasets/1q_mixed_channel_test.npz,44,0.014101318039205704,0.0028966810666601673,"[0.10473427921533585, 0.03385952115058899, -0.07529330998659134]","[0.07888665156616657, 0.03743591756769131, -0.08817324003793686]","[0.011646511033177376, 0.015940913930535316, 0.007384525146335363]","[0.007740517508780192, 0.01516040226455739, 0.011388063155940755]",artifact:ridge_1q_256.npz,0.00019328316709754656
synthetic_ground_truth,1q,ridge,classical_cpu,evaluated,artifacts/datasets/1q_mixed_channel_test.npz,45,0.026930810947599665,0.004104294103152282,"[-0.08916366845369339, -0.13872984051704407, -0.13179026544094086]","[-0.043075269411199095, -0.13030006287548362, -0.10551600928219661]","[0.011860460974276066, 0.006417462602257729, 0.02887832187116146]","[0.011312695246092361, 0.008621339500574811, 0.019317082188205402]",artifact:ridge_1q_256.npz,0.003026310128625004
synthetic_ground_truth,1q,ridge,classical_cpu,evaluated,artifacts/datasets/1q_mixed_channel_test.npz,46,0.03802602470413947,0.006069748302613688,"[-0.006443555932492018, -0.0039600953459739685, -0.1323787420988083]","[-0.03799861750104708, 0.039695708041253365, -0.09351153294217228]","[0.007502892054617405, 0.011726991273462772, 0.006828672718256712]","[0.0018801074773903623, 0.017781896186484153, 0.013360228135849353]",artifact:ridge_1q_256.npz,0.005677536938289554
synthetic_ground_truth,1q,ridge,classical_cpu,evaluated,artifacts/datasets/1q_mixed_channel_test.npz,47,0.017237561906465994,0.009000642809444168,"[0.07352166622877121, -0.0814443901181221, -0.14027367532253265]","[0.08931001043606315, -0.09066412239880163, -0.11356906609110615]","[0.02998800203204155, 0.00040011954843066633, 0.02703053131699562]","[0.015495006289895844, 0.012323524001651171, 0.026445003084029327]",artifact:ridge_1q_256.npz,0.004444966488629465
synthetic_ground_truth,1q,ridge,classical_cpu,evaluated,artifacts/datasets/1q_mixed_channel_test.npz,48,0.020031455307743928,0.007478607074941201,"[0.05201771482825279, 0.13774992525577545, -0.13413819670677185]","[0.06511236107205538, 0.1106782715974646, -0.11421013068565351]","[0.018990563228726387, 0.0225184578448534, 0.00205247406847775]","[0.013705699084850035, 0.01991636285572231, 0.016601336160293908]",artifact:ridge_1q_256.npz,0.017079195706968628
synthetic_ground_truth,1q,ridge,classical_cpu,evaluated,artifacts/datasets/1q_mixed_channel_test.npz,49,0.012612751313609944,0.005702984398032635,"[0.09283892065286636, 0.02008589170873165, -0.1268850415945053]","[0.10412570913864717, 0.015358582502884025, -0.10506088534530392]","[7.348004874074832e-05, 0.015739869326353073, 0.005969433579593897]","[0.009307477143098236, 0.019035166268622443, 0.010549092737064943]",artifact:ridge_1q_256.npz,0.016482352908365534
synthetic_ground_truth,1q,ridge,classical_cpu,evaluated,artifacts/datasets/1q_mixed_channel_test.npz,50,0.03402056127414894,0.0018932577460616374,"[0.03262173756957054, -0.0745607241988182, -0.11881037801504135]","[0.1132973585870763, -0.0556257741770498, -0.121261490798214]","[0.020566897466778755, 0.01586170122027397, 0.019376488402485847]","[0.01648639964196043, 0.01722032360972668, 0.019617141426399726]",artifact:ridge_1q_256.npz,0.0046441998647133685
synthetic_ground_truth,1q,ridge,classical_cpu,evaluated,artifacts/datasets/1q_mixed_channel_test.npz,51,0.005558571365957317,0.003881328804242932,"[0.02463001012802124, -0.08449839055538177, -0.011164950206875801]","[0.01702698682782884, -0.0855884181732906, -0.0031822870271050775]","[0.0040633962489664555, 0.002440501470118761, 0.00737944059073925]","[0.011343820510717036, 0.001737069517363344, 0.0037193103925164516]",artifact:ridge_1q_256.npz,0.011287746504447242
synthetic_ground_truth,1q,ridge,classical_cpu,evaluated,artifacts/datasets/1q_mixed_channel_test.npz,52,0.03527871575870706,0.003964118275979608,"[0.1332598626613617, 0.09200329333543777, -0.005927967373281717]","[0.07909503818442619, 0.06635509862553216, -0.03195109546256177]","[0.02049439772963524, 0.012432251125574112, 0.02168668434023857]","[0.019819599868972103, 0.014624794678781644, 0.012661670926170415]",artifact:ridge_1q_256.npz,0.006509783856571971
synthetic_ground_truth,1q,ridge,classical_cpu,evaluated,artifacts/datasets/1q_mixed_channel_test.npz,53,0.005731878462996147,0.0029966529151342325,"[-0.08535405993461609, 0.0008177410927601159, -0.14886574447155]","[-0.09765307363556822, -0.0029446250668261915, -0.15]","[0.02149742655456066, 0.029005685821175575, 0.023853998631238937]","[0.02081144004743924, 0.02684771495165536, 0.03]",artifact:ridge_1q_256.npz,0.00562406087263953
synthetic_ground_truth,1q,ridge,classical_cpu,evaluated,artifacts/datasets/1q_mixed_channel_test.npz,54,0.06551716731251161,0.0018733878693171443,"[0.09568420052528381, 0.1083521842956543, -0.14042919874191284]","[0.12068027854113582, 0.03323777985241597, -0.04398817926346832]","[0.018004607409238815, 0.024146711453795433, 0.01833270862698555]","[0.015793034867998722, 0.02139587871293066, 0.017674950301138984]",artifact:ridge_1q_256.npz,0.012224936226039575
synthetic_ground_truth,1q,ridge,classical_cpu,evaluated,artifacts/datasets/1q_mixed_channel_test.npz,55,0.035413301903618376,0.011142825348815805,"[-0.022674789652228355, -0.021736130118370056, -0.11202213168144226]","[0.02356626307386727, -0.045739436497287456, -0.07602658507560016]","[0.027377594262361526, 0.027668993920087814, 0.0013887458480894566]","[0.019144843412951702, 0.012135649289161308, 0.01105112641420054]",artifact:ridge_1q_256.npz,0.017664173258680804
synthetic_ground_truth,1q,ridge,classical_cpu,evaluated,artifacts/datasets/1q_mixed_channel_test.npz,56,0.025184561729465035,0.004412492028589347,"[-0.003878388088196516, 0.05849418044090271, 0.12435054033994675]","[-0.018820532141431687, 0.021272085786370493, 0.14773998682057446]","[0.0175738837569952, 0.01829436793923378, 0.009996076114475727]","[0.01709169619308813, 0.02022630207371608, 0.020819430501854395]",artifact:ridge_1q_256.npz,0.014001766641053327
synthetic_ground_truth,1q,ridge,classical_cpu,evaluated,artifacts/datasets/1q_mixed_channel_test.npz,57,0.03440972128317223,0.00854466916268144,"[0.02724079228937626, 0.0448320098221302, -0.09435217082500458]","[0.10707749126073549, 0.05595801447232349, -0.0820857105970404]","[0.0012345146387815475, 0.013531376607716084, 0.02663695253431797]","[0.006824147439396652, 0.020806486817710156, 0.013867688056882826]",artifact:ridge_1q_256.npz,0.014388768261286704
synthetic_ground_truth,1q,ridge,classical_cpu,evaluated,artifacts/datasets/1q_mixed_channel_test.npz,58,0.03607426769758513,0.006741841783902194,"[0.0032297433353960514, 0.09665511548519135, -0.10271803289651871]","[-0.05163980276868313, 0.09058382559999643, -0.15]","[0.029594656080007553, 0.010699205100536346, 0.007605950813740492]","[0.020162161478825106, 0.020590251720846303, 0.00850793494395467]",artifact:ridge_1q_256.npz,0.000980423480312801
synthetic_ground_truth,1q,ridge,classical_cpu,evaluated,artifacts/datasets/1q_mixed_channel_test.npz,59,0.023803339138513322,0.001435557859904012,"[-0.09260997921228409, -0.03342202678322792, 0.06468036770820618]","[-0.06887659260467772, -0.07478884980851898, 0.05837055992556363]","[0.01868140883743763, 0.017447901889681816, 0.01891038380563259]","[0.019947389806679663, 0.018215752070388044, 0.016637541375868817]",artifact:ridge_1q_256.npz,0.008278649934034425
synthetic_ground_truth,1q,ridge,classical_cpu,evaluated,artifacts/datasets/1q_mixed_channel_test.npz,60,0.03479968704071525,0.0050238010243627155,"[-0.004620060790330172, 0.008328200317919254, -0.021814431995153427]","[-0.0018377206785864138, -0.057058022629976515, 0.014416066067352802]","[0.007127708289772272, 0.02861560694873333, 0.020077526569366455]","[0.011114022051664244, 0.01828250816911606, 0.020829517100945362]",artifact:ridge_1q_256.npz,0.014496200927824188
synthetic_ground_truth,1q,ridge,classical_cpu,evaluated,artifacts/datasets/1q_mixed_channel_test.npz,61,0.011741431438046861,0.002940825103923571,"[0.10993146151304245, -0.05656242370605469, 0.061996135860681534]","[0.10918797026841157, -0.07284736807712101, 0.04380027716223816]","[0.010293315164744854, 0.018359579145908356, 0.01910155452787876]","[0.013957887980063078, 0.015682485712152396, 0.016620745465182232]",artifact:ridge_1q_256.npz,0.003563674790354087
synthetic_ground_truth,1q,ridge,classical_cpu,evaluated,artifacts/datasets/1q_mixed_channel_test.npz,62,0.026029010659686602,0.004446860589385366,"[-0.1059790700674057, -0.12232115864753723, 0.008805369958281517]","[-0.11026451981108057, -0.05288219147883365, 0.013167985024962867]","[0.013615868985652924, 0.011995736509561539, 0.001471885247156024]","[0.010746090045782322, 0.013402729568302827, 0.010535695016700233]",artifact:ridge_1q_256.npz,0.00409158481976685
synthetic_ground_truth,1q,ridge,classical_cpu,evaluated,artifacts/datasets/1q_mixed_channel_test.npz,63,0.011934356918946334,0.006072723653088825,"[0.14744524657726288, -0.023189909756183624, -0.07146761566400528]","[0.15, -0.04679134218947599, -0.06182073076319576]","[0.011481545865535736, 0.004193420056253672, 0.01870109513401985]","[0.008636915398890343, 0.017918505858952896, 0.017052640444097995]",artifact:ridge_1q_256.npz,0.00592348561034399
synthetic_ground_truth,2q,ridge,classical_cpu,evaluated,artifacts/datasets/2q_mixed_channel_test.npz,0,0.023146352692950244,0.0069233839733552,"[0.014275891706347466, -0.06618588417768478, 0.060720961540937424, -0.023877311497926712]","[0.009881308886555395, -0.04765589208147239, 0.12234816102043701, -0.03191094787422365]","[0.015885865315794945, 0.0002766220713965595, 0.009481371380388737, 0.013558721169829369]","[0.0058299708333457885, 0.003855197590195982, 0.0038470076363968098, 0.021983423318009662]",artifact:ridge_2q_256.npz,
synthetic_ground_truth,2q,ridge,classical_cpu,evaluated,artifacts/datasets/2q_mixed_channel_test.npz,1,0.03066395241226421,0.004800420404015441,"[-0.05077226459980011, -0.04219868406653404, 0.09519640356302261, 0.017005816102027893]","[-0.07276001969113054, -0.07872712077503381, 0.11827840351297012, 0.05806343400130703]","[0.005252852104604244, 0.018214641138911247, 0.01203280407935381, 0.023681271821260452]","[0.0, 0.022009438104430092, 0.010479469679518506, 0.015080573675157085]",artifact:ridge_2q_256.npz,
synthetic_ground_truth,2q,ridge,classical_cpu,evaluated,artifacts/datasets/2q_mixed_channel_test.npz,2,0.016825563933077763,0.0060107199238037265,"[-0.14089195430278778, 0.1298523247241974, 0.008694557473063469, 0.07852675020694733]","[-0.12618585543241706, 0.1265908822399651, 0.0019459670299805882, 0.035940626272322175]","[0.0005489668110385537, 0.0005565585452131927, 0.006762455217540264, 0.005947123747318983]","[0.008311570499311003, 0.00482029573904409, 0.0005629939967559724, 0.01176420133964625]",artifact:ridge_2q_256.npz,
synthetic_ground_truth,2q,ridge,classical_cpu,evaluated,artifacts/datasets/2q_mixed_channel_test.npz,3,0.026845409383610706,0.0033743625446975107,"[-0.10176543891429901, 0.10303035378456116, -0.1053522378206253, 0.042894165962934494]","[-0.07845484954068233, 0.13006616679564093, -0.06836969309715805, 0.022841475536655366]","[0.01193261705338955, 0.0038038853090256453, 0.013159923255443573, 0.02015540562570095]","[0.012383561962845593, 0.007288258363518476, 0.006537663814124272, 0.02309527839922282]",artifact:ridge_2q_256.npz,
synthetic_ground_truth,2q,ridge,classical_cpu,evaluated,artifacts/datasets/2q_mixed_channel_test.npz,4,0.02705301233893014,0.0012474564824763107,"[0.032447449862957, -0.06024288386106491, 0.027091849595308304, 0.11858630925416946]","[0.04664226182917157, -0.07204169739281883, 0.09756466478151714, 0.10684070058262624]","[0.02392571046948433, 0.025483326986432076, 0.02285023219883442, 0.02310926839709282]","[0.025768038825161918, 0.027665630169920602, 0.02368920638489182, 0.023235488601774545]",artifact:ridge_2q_256.npz,
synthetic_ground_truth,2q,ridge,classical_cpu,evaluated,artifacts/datasets/2q_mixed_channel_test.npz,5,0.015659626351585437,0.006284997248139994,"[0.06552185118198395, -0.13419200479984283, 0.14994078874588013, 0.06478386372327805]","[0.08436568538862466, -0.1448623117357295, 0.15, 0.09784901673297255]","[0.022803639993071556, 0.01625780016183853, 0.007577697746455669, 0.02844061888754368]","[0.03, 0.01940719143116897, 0.018732926516812645, 0.024801609941599558]",artifact:ridge_2q_256.npz,
synthetic_ground_truth,2q,ridge,classical_cpu,evaluated,artifacts/datasets/2q_mixed_channel_test.npz,6,0.019737123979165643,0.003637564587352799,"[0.11583179980516434, -0.005710560828447342, 0.13580596446990967, 0.03145861625671387]","[0.10930824530648181, 0.03987585303180673, 0.15, 0.04410310828434952]","[0.012987284921109676, 0.02567110024392605, 0.0013960882788524032, 0.004095729906111956]","[0.022619368376654236, 0.024487105951764843, 0.0034111571572338645, 0.005814841629435925]",artifact:ridge_2q_256.npz,
synthetic_ground_truth,2q,ridge,classical_cpu,evaluated,artifacts/datasets/2q_mixed_channel_test.npz,7,0.023924985105035747,0.00274503080024071,"[0.06190984696149826, -0.004247888922691345, -0.0253218375146389, -0.08429889380931854]","[0.033445776927667425, -0.025943731766459335, -0.004984660204480328, -0.059096043576932954]","[0.013577892445027828, 0.017917122691869736, 0.02448163367807865, 0.005458144471049309]","[0.01584988367076183, 0.016296345856355882, 0.029448037526393606, 0.0033371931796492785]",artifact:ridge_2q_256.npz,
synthetic_ground_truth,2q,ridge,classical_cpu,evaluated,artifacts/datasets/2q_mixed_channel_test.npz,8,0.016316622273254675,0.005536276455439733,"[0.13856486976146698, -0.10143078118562698, 0.03446865826845169, -0.10856100916862488]","[0.12049724348079635, -0.08935324609010327, 0.018272025220963887, -0.12748570383796143]","[0.014431996271014214, 0.0019124242244288325, 0.012793619185686111, 0.022124987095594406]","[0.011349772854305513, 0.00898841337543653, 0.019735008043619412, 0.01707948269948517]",artifact:ridge_2q_256.npz,
synthetic_ground_truth,2q,ridge,classical_cpu,evaluated,artifacts/datasets/2q_mixed_channel_test.npz,9,0.013218261758046385,0.006258776189748044,"[-0.14898063242435455, -0.027554336935281754, 0.06316124647855759, 0.00557952793315053]","[-0.15, 0.002048044956436325, 0.08039280899348984, 0.010599262983040297]","[0.025393355637788773, 0.005547269247472286, 0.025593627244234085, 0.023205233737826347]","[0.02173550752950567, 0.009420390683664185, 0.011145435711781278, 0.02014929005576198]",artifact:ridge_2q_256.npz,
synthetic_ground_truth,2q,ridge,classical_cpu,evaluated,artifacts/datasets/2q_mixed_channel_test.npz,10,0.015248748798528215,0.0012329838562880782,"[0.14411009848117828, 0.07280521094799042, -0.088809534907341, 0.1396731585264206]","[0.12368516582146691, 0.09466548485359695, -0.07602183527091326, 0.13375106953405339]","[0.01949944905936718, 0.02782350778579712, 0.015951862558722496, 0.020206019282341003]","[0.018016187967358894, 0.03, 0.015438692787892576, 0.02096503163045223]",artifact:ridge_2q_256.npz,
synthetic_ground_truth,2q,ridge,classical_cpu,evaluated,artifacts/datasets/2q_mixed_channel_test.npz,11,0.020780585572381813,0.007471461521059208,"[-0.13592977821826935, 0.012765522114932537, -0.004627489019185305, -0.09381880611181259]","[-0.1341696222861089, -0.018056440583571195, -0.029512077500257184, -0.11947444128960379]","[0.008488484658300877, 0.0046922992914915085, 0.00929567962884903, 0.01914823427796364]","[0.021195333203085226, 0.003495774177966952, 0.0007628384684147515, 0.01169860301246999]",artifact:ridge_2q_256.npz,
synthetic_ground_truth,2q,ridge,classical_cpu,evaluated,artifacts/datasets/2q_mixed_channel_test.npz,12,0.015145281820433,0.004309909782041834,"[-0.03438539430499077, 0.1287129819393158, -0.13809233903884888, 0.144796222448349]","[-0.06656530925018292, 0.11052602878715716, -0.13308185740611866, 0.15]","[0.028714902698993683, 0.012815411202609539, 0.012834500521421432, 0.00913281086832285]","[0.026179276678312262, 0.016600461225182977, 0.01641602977532365, 0.016470244699333107]",artifact:ridge_2q_256.npz,
synthetic_ground_truth,2q,ridge,classical_cpu,evaluated,artifacts/datasets/2q_mixed_channel_test.npz,13,0.01714767077594733,0.0057424604156638024,"[0.1470169872045517, -0.1440625935792923, 0.14264702796936035, -0.05569181963801384]","[0.15, -0.09668507277489621, 0.15, -0.04481464216470855]","[0.012987496331334114, 0.01926705613732338, 0.01443230826407671, 0.024136174470186234]","[0.017361622380739697, 0.028776187983804206, 0.017250109023880852, 0.017867391463221576]",artifact:ridge_2q_256.npz,
synthetic_ground_truth,2q,ridge,classical_cpu,evaluated,artifacts/datasets/2q_mixed_channel_test.npz,14,0.020821431764727637,0.004051928357040409,"[0.08845780789852142, -0.1406998336315155, 0.13473069667816162, -0.1197802722454071]","[0.0710578281171969, -0.15, 0.14274264586780033, -0.07120664052594429]","[0.005720481742173433, 0.01413021795451641, 0.024199463427066803, 0.005490089766681194]","[0.012543456956910597, 0.01620307037591373, 0.03, 0.003978740547587236]",artifact:ridge_2q_256.npz,
synthetic_ground_truth,2q,ridge,classical_cpu,evaluated,artifacts/datasets/2q_mixed_channel_test.npz,15,0.035826479173185176,0.0054403327228407725,"[0.09847497940063477, 0.06702098250389099, -0.11280228942632675, -0.09655919671058655]","[0.07842739545181558, 0.023539259696732005, -0.05921824051724184, -0.07036663568290893]","[0.010579977184534073, 0.00682986481115222, 0.024843033403158188, 0.024202894419431686]","[0.021470723093623512, 0.0016558737569220723, 0.028722892112254296, 0.02238615920048429]",artifact:ridge_2q_256.npz,
synthetic_ground_truth,2q,ridge,classical_cpu,evaluated,artifacts/datasets/2q_mixed_channel_test.npz,16,0.018207902920032715,0.007912964641965642,"[0.07405371963977814, -0.13804666697978973, -0.05587046220898628, 0.00436383904889226]","[0.05106718110099366, -0.13228023836725877, -0.038232850915990234, -0.02207719418692712]","[0.021990664303302765, 0.015855425968766212, 0.004228264559060335, 0.019869253039360046]","[0.01474288907452696, 0.018670898556016655, 0.012416607196629858, 0.006468984925093247]",artifact:ridge_2q_256.npz,
synthetic_ground_truth,2q,ridge,classical_cpu,evaluated,artifacts/datasets/2q_mixed_channel_test.npz,17,0.01818858728759785,0.005568652048163271,"[0.024671483784914017, 0.02623642422258854, -0.0632251650094986, 0.10157185047864914]","[0.0024314947669206582, -0.01905496910290991, -0.05980747178492103, 0.0997665768963271]","[0.01393418200314045, 0.00026090856408700347, 0.014682341367006302, 0.02889353409409523]","[0.0, 0.001669784717258132, 0.008857257236569565, 0.03]",artifact:ridge_2q_256.npz,
synthetic_ground_truth,2q,ridge,classical_cpu,evaluated,artifacts/datasets/2q_mixed_channel_test.npz,18,0.03831606197647907,0.008540691409390804,"[-0.04854978993535042, 0.048640038818120956, -0.13965266942977905, 0.026170626282691956]","[-0.12092204251210112, 0.0016848952135210885, -0.12087566715784889, 0.011010776830056409]","[0.01090817991644144, 0.022277692332863808, 0.008958788588643074, 0.02061120793223381]","[0.0, 0.02659306902983585, 0.01667219803419711, 0.009385408353638113]",artifact:ridge_2q_256.npz,
synthetic_ground_truth,2q,ridge,classical_cpu,evaluated,artifacts/datasets/2q_mixed_channel_test.npz,19,0.024611903191393662,0.004221197696904986,"[-0.11393141001462936, 0.08743712306022644, 0.10894230008125305, 0.05577671155333519]","[-0.04909559285714609, 0.08501455559768277, 0.13041667406160437, 0.04606185738813879]","[0.00019926020468119532, 0.005149526055902243, 0.022050341591238976, 0.008921821601688862]","[0.0, 0.009251902988831634, 0.018139576093103526, 0.01759420975356277]",artifact:ridge_2q_256.npz,
synthetic_ground_truth,2q,ridge,classical_cpu,evaluated,artifacts/datasets/2q_mixed_channel_test.npz,20,0.015979636410079545,0.006001521577737699,"[0.030431263148784637, -0.10824630409479141, -0.08349157124757767, -0.08889250457286835]","[0.02722772031568329, -0.13525725279261946, -0.06862541996938727, -0.07005460174166997]","[0.010646697133779526, 0.0272974856197834, 0.026947680860757828, 0.026336247101426125]","[0.017770128216363014, 0.03, 0.020520441486051796, 0.018583345627981446]",artifact:ridge_2q_256.npz,
synthetic_ground_truth,2q,ridge,classical_cpu,evaluated,artifacts/datasets/2q_mixed_channel_test.npz,21,0.013940836767932507,0.002991977516663837,"[0.07046095281839371, -0.11233438551425934, 0.0018189153634011745, -0.10321860760450363]","[0.0416398429827067, -0.11211793266527849, 0.02764817458228348, -0.1041151327726835]","[0.014035636559128761, 0.0035536240320652723, 0.0018281755037605762, 0.01405093353241682]","[0.012824175087235995, 0.008427517657841202, 0.0011283147224087926, 0.019233627720051688]",artifact:ridge_2q_256.npz,
synthetic_ground_truth,2q,ridge,classical_cpu,evaluated,artifacts/datasets/2q_mixed_channel_test.npz,22,0.027143658402777854,0.006698911402716437,"[0.08072308450937271, 0.1471809446811676, -0.1367318034172058, -0.06079636141657829]","[0.05037788665205566, 0.1469103966479111, -0.10746720835098435, -0.10949065407089471]","[0.015284908004105091, 0.01692676916718483, 0.014868243597447872, 0.026415206491947174]","[0.0031957644325683442, 0.026103150911703794, 0.020386294749539985, 0.0264272756346651]",artifact:ridge_2q_256.npz,
synthetic_ground_truth,2q,ridge,classical_cpu,evaluated,artifacts/datasets/2q_mixed_channel_test.npz,23,0.017949982900291563,0.004124639521060566,"[0.14774689078330994, -0.10045275837182999, -0.007167131174355745, -0.10855405777692795]","[0.11068794928565479, -0.08619837260805159, 0.008452902476013421, -0.10368748708756441]","[0.01730206236243248, 0.015318376943469048, 0.0277984868735075, 0.0220522228628397]","[0.018368460071535187, 0.02168661116375354, 0.02123553887039645, 0.019551244711095685]",artifact:ridge_2q_256.npz,
synthetic_ground_truth,2q,ridge,classical_cpu,evaluated,artifacts/datasets/2q_mixed_channel_test.npz,24,0.020738987668037154,0.001601181564602705,"[-0.13887017965316772, 0.09303823113441467, -0.05042734369635582, -0.1272582858800888]","[-0.14302910003935015, 0.07138599225282051, -0.06881705699818559, -0.08850320777754656]","[0.026186177507042885, 0.01570752076804638, 0.009666397236287594, 0.00482212333008647]","[0.028995890964028707, 0.01691457284231234, 0.00977272644005564, 0.007103754853477459]",artifact:ridge_2q_256.npz,
synthetic_ground_truth,2q,ridge,classical_cpu,evaluated,artifacts/datasets/2q_mixed_channel_test.npz,25,0.013259338714179713,0.0052127816936715764,"[-0.13502490520477295, -0.035357967019081116, -0.14479851722717285, 0.01648837886750698]","[-0.1444264975266992, -0.029833450423045835, -0.1193913041084196, 0.029192411687511043]","[0.012370290234684944, 0.01893750950694084, 0.022281760349869728, 0.002279527485370636]","[0.017656355788040336, 0.015115133376817858, 0.012914661880599058, 0.004655114107307895]",artifact:ridge_2q_256.npz,
synthetic_ground_truth,2q,ridge,classical_cpu,evaluated,artifacts/datasets/2q_mixed_channel_test.npz,26,0.01162637260127014,0.0031089733617760185,"[0.05602789297699928, -0.11004046350717545, -0.14937329292297363, -0.12302862852811813]","[0.0780291814293535, -0.10487038100132373, -0.14221883913677036, -0.1352082941887895]","[0.014799904078245163, 0.01611059159040451, 0.00289542181417346, 0.007606305181980133]","[0.015781565485460964, 0.01912513321116359, 0.008248820779194794, 0.004520013727872273]",artifact:ridge_2q_256.npz,
synthetic_ground_truth,2q,ridge,classical_cpu,evaluated,artifacts/datasets/2q_mixed_channel_test.npz,27,0.030981732153702212,0.002934989857347349,"[0.03997206687927246, -0.01652352884411812, 0.09531959146261215, 0.14135807752609253]","[0.007168837745589357, 0.013922517813167747, 0.08502649830712686, 0.09097351785773794]","[0.01654256135225296, 0.02267986536026001, 0.029882384464144707, 0.015453901141881943]","[0.023267054411549484, 0.021347318599993195, 0.026920598375617194, 0.016175034663180488]",artifact:ridge_2q_256.npz,
synthetic_ground_truth,2q,ridge,classical_cpu,evaluated,artifacts/datasets/2q_mixed_channel_test.npz,28,0.013544158309204508,0.006889743623836826,"[0.028676200658082962, -0.1477261185646057, -0.0884137973189354, 0.05550909787416458]","[0.06409687291102215, -0.1477633265895113, -0.1001334385268021, 0.04850998612305802]","[0.013703682459890842, 0.011155656538903713, 0.016067897900938988, 0.02337483875453472]","[0.010425750881635176, 0.018260482639816566, 0.01798555522426461, 0.00811627926168156]",artifact:ridge_2q_256.npz,
synthetic_ground_truth,2q,ridge,classical_cpu,evaluated,artifacts/datasets/2q_mixed_channel_test.npz,29,0.006133248681601814,0.006442489023679426,"[-0.14976410567760468, -0.12434843927621841, -0.072169728577137, -0.07401855289936066]","[-0.140085793808243, -0.13183259821691964, -0.07758929781984754, -0.07596950757299445]","[0.012276873923838139, 0.02673056721687317, 0.027826838195323944, 0.017938274890184402]","[0.01333089490056791, 0.02227007649092776, 0.01687445889393899, 0.027241339980841973]",artifact:ridge_2q_256.npz,
synthetic_ground_truth,2q,ridge,classical_cpu,evaluated,artifacts/datasets/2q_mixed_channel_test.npz,30,0.010192855207757529,0.0038726578887933356,"[0.03530202805995941, -0.09506238251924515, 0.12001263350248337, 0.028545498847961426]","[0.05856518586221006, -0.0874804485744283, 0.11418388123213367, 0.03264307566157435]","[0.0208780188113451, 0.005178311374038458, 0.0009336639195680618, 7.706021278863773e-05]","[0.019448394192930644, 0.0026675057233904193, 0.008679919681230872, 0.003881005737236676]",artifact:ridge_2q_256.npz,
synthetic_ground_truth,2q,ridge,classical_cpu,evaluated,artifacts/datasets/2q_mixed_channel_test.npz,31,0.025928254914993877,0.006409940385478624,"[-0.025913875550031662, 0.04261031001806259, 0.1268777698278427, 0.0556039996445179]","[0.015248250084241822, 0.002161063772386288, 0.10898378106716365, 0.05981165866386455]","[0.006033570505678654, 0.028708383440971375, 0.001015721121802926, 0.024054836481809616]","[0.014527639919652151, 0.01869629037875231, 0.005976610816489539, 0.02622754585284494]",artifact:ridge_2q_256.npz,
synthetic_ground_truth,2q,ridge,classical_cpu,evaluated,artifacts/datasets/2q_mixed_channel_test.npz,32,0.021814497562400663,0.004677865889813291,"[0.07683258503675461, -0.09113014489412308, 0.07745412737131119, 0.06733965873718262]","[0.08426909325460812, -0.0540439714918568, 0.07645841762199505, 0.025600059857015876]","[0.025000708177685738, 0.017397290095686913, 0.019582482054829597, 0.029914623126387596]","[0.022936903326713873, 0.02068243931983293, 0.015934625619137298, 0.020199970077944614]",artifact:ridge_2q_256.npz,
synthetic_ground_truth,2q,ridge,classical_cpu,evaluated,artifacts/datasets/2q_mixed_channel_test.npz,33,0.0298144066879869,0.004765800338238796,"[0.05274667963385582, -0.13015219569206238, 0.12554799020290375, -0.04351608082652092]","[0.10562730961256535, -0.13790453115771514, 0.15, -0.009343429316031856]","[0.02114620804786682, 0.023924067616462708, 0.013909026980400085, 0.008417140692472458]","[0.023857410638092658, 0.03, 0.01092145276634186, 0.001128648527338627]",artifact:ridge_2q_256.npz,
synthetic_ground_truth,2q,ridge,classical_cpu,evaluated,artifacts/datasets/2q_mixed_channel_test.npz,34,0.03299985876382181,0.0025877726779493793,"[-0.014329450204968452, -0.09705186635255814, 0.03859210014343262, 0.14382612705230713]","[-0.059166189812013215, -0.11049970739974338, 0.0884076040270789, 0.11992677653489617]","[0.011167585849761963, 0.017062559723854065, 0.004601661581546068, 0.016237812116742134]","[0.01452394766210209, 0.017407208134806326, 0.0, 0.018286231023701194]",artifact:ridge_2q_256.npz,
synthetic_ground_truth,2q,ridge,classical_cpu,evaluated,artifacts/datasets/2q_mixed_channel_test.npz,35,0.036516155108620066,0.0015797469046935266,"[0.056596748530864716, -0.0018507282948121428, -0.09249638020992279, -0.1258302479982376]","[6.852366874346427e-05, 0.022837942599916054, -0.04289538842641562, -0.14107698089236126]","[0.007877882570028305, 0.0045481352135539055, 0.027063291519880295, 0.02596903219819069]","[0.006061573367151081, 0.005720133211998397, 0.02833217182105305, 0.023907232081911055]",artifact:ridge_2q_256.npz,
synthetic_ground_truth,2q,ridge,classical_cpu,evaluated,artifacts/datasets/2q_mixed_channel_test.npz,36,0.018587289754714485,0.00574505639702492,"[-0.11395559459924698, 0.08051001280546188, -0.10465840250253677, 0.010756668634712696]","[-0.14725049882406732, 0.09449681468653116, -0.09572740459159552, -0.007379786367314364]","[0.010540437884628773, 0.006340093910694122, 0.002932959236204624, 0.02012699842453003]","[0.022596727007319656, 0.008138651718060854, 0.0, 0.01393457900269259]",artifact:ridge_2q_256.npz,
synthetic_ground_truth,2q,ridge,classical_cpu,evaluated,artifacts/datasets/2q_mixed_channel_test.npz,37,0.0539730373021524,0.001961639708654875,"[0.14753210544586182, 0.1314760148525238, -0.028040660545229912, 0.04576097056269646]","[0.1143584615420851, 0.08796706856035023, 0.07279112538200083, 0.007383197477267886]","[0.007831469178199768, 0.014272752217948437, 0.0018968217773362994, 0.005782086402177811]","[0.006646095459336487, 0.016080114494420195, 0.006537355277701612, 0.0055687970632586625]",artifact:ridge_2q_256.npz,
synthetic_ground_truth,2q,ridge,classical_cpu,evaluated,artifacts/datasets/2q_mixed_channel_test.npz,38,0.02434047916298873,0.004595329891342766,"[0.05580544099211693, -0.012746362015604973, 0.11105548590421677, 0.06387186795473099]","[0.025080206343919415, -0.020585949683840123, 0.11433604660045298, 0.008355334315444949]","[0.009684433229267597, 0.005910039879381657, 0.02206655777990818, 0.003977331332862377]","[0.013656270135167766, 0.014127824733611358, 0.0225323818634305, 0.009703205054581249]",artifact:ridge_2q_256.npz,
synthetic_ground_truth,2q,ridge,classical_cpu,evaluated,artifacts/datasets/2q_mixed_channel_test.npz,39,0.023978646476885673,0.0037016714838202613,"[0.14728142321109772, 0.1372896432876587, -0.06273167580366135, -0.04069245234131813]","[0.09735220737316787, 0.10984453325477955, -0.05684057487167352, -0.053341611446064016]","[0.019595777615904808, 0.02624475210905075, 0.021018678322434425, 0.013454475440084934]","[0.02335618803862029, 0.029916856203172873, 0.023463036279256194, 0.008524661978463263]",artifact:ridge_2q_256.npz,
synthetic_ground_truth,2q,ridge,classical_cpu,evaluated,artifacts/datasets/2q_mixed_channel_test.npz,40,0.02498970616499349,0.005239544228467884,"[0.12259645015001297, -0.027666578069329262, -0.1228337213397026, 0.06979432702064514]","[0.12118553082387729, -0.024512741010285062, -0.15, 0.0015665374061484376]","[0.008902756497263908, 0.010394902899861336, 0.023649800568819046, 0.00700017623603344]","[0.006259161780450604, 0.017591150410433035, 0.020974607330783566, 0.015443317684484491]",artifact:ridge_2q_256.npz,
synthetic_ground_truth,2q,ridge,classical_cpu,evaluated,artifacts/datasets/2q_mixed_channel_test.npz,41,0.016026539204791822,0.004169294493081477,"[0.08597562462091446, 0.006439827382564545, -0.03586868941783905, -0.03513072431087494]","[0.058978297685780834, 0.022725253504931014, -0.0186974061200703, -0.03147860384697649]","[0.006568729877471924, 0.011773963458836079, 0.007732428144663572, 0.005225816275924444]","[0.009365236224363936, 0.004850768637589721, 0.008829819416608254, 0.0110859018081673]",artifact:ridge_2q_256.npz,
synthetic_ground_truth,2q,ridge,classical_cpu,evaluated,artifacts/datasets/2q_mixed_channel_test.npz,42,0.025203965198992435,0.003631146862990658,"[-0.11026564985513687, -0.11638913303613663, -0.010007337667047977, -0.06704486161470413]","[-0.12267555764992127, -0.09004743853585914, 0.03498178944978043, -0.049969730230624676]","[0.01446556020528078, 0.008441098965704441, 0.011008020490407944, 0.027532877400517464]","[0.01781031623344913, 0.012001151161588485, 0.0035139934884498136, 0.02765862962646957]",artifact:ridge_2q_256.npz,
synthetic_ground_truth,2q,ridge,classical_cpu,evaluated,artifacts/datasets/2q_mixed_channel_test.npz,43,0.021352659955265772,0.0018200360299142635,"[-0.12105817347764969, 0.11949697136878967, 0.10392146557569504, -0.1093960627913475]","[-0.10088236570319502, 0.11638537666282642, 0.07737330194642317, -0.07382098907997421]","[0.027045851573348045, 0.017331790179014206, 0.02945057675242424, 0.025665277615189552]","[0.026756917934981538, 0.018152201628887144, 0.024907018722611543, 0.027292518616794464]",artifact:ridge_2q_256.npz,
synthetic_ground_truth,2q,ridge,classical_cpu,evaluated,artifacts/datasets/2q_mixed_channel_test.npz,44,0.02112423562128011,0.0020199743920868945,"[-0.11180299520492554, -0.11411023885011673, 0.13939160108566284, 0.12230117619037628]","[-0.15, -0.13027999728192452, 0.15, 0.10277939584647525]","[0.01693977415561676, 0.011201946064829826, 0.019542990252375603, 0.01836482249200344]","[0.018117473383055346, 0.008424436711265323, 0.018234576868445564, 0.02118109809541789]",artifact:ridge_2q_256.npz,
synthetic_ground_truth,2q,ridge,classical_cpu,evaluated,artifacts/datasets/2q_mixed_channel_test.npz,45,0.03375389931015499,0.008504048646861863,"[-0.10904722660779953, -0.08101710677146912, -0.13868506252765656, -0.10193668305873871]","[-0.06765954395423085, -0.11581047757375947, -0.11437404364005788, -0.13646020795590094]","[0.02152421697974205, 0.017269503325223923, 0.020155731588602066, 0.012411946430802345]","[0.02980251441010892, 0.01358941831018896, 0.008303093265872509, 0.022617120250118403]",artifact:ridge_2q_256.npz,
synthetic_ground_truth,2q,ridge,classical_cpu,evaluated,artifacts/datasets/2q_mixed_channel_test.npz,46,0.026296066550423706,0.004727739493639298,"[-0.10206656903028488, 0.07737317681312561, 0.02132406458258629, 0.019898854196071625]","[-0.11800727394594657, 0.13072284494732467, 0.03687952836925602, -0.00043957516909271833]","[0.01023227721452713, 0.02429373934864998, 0.021628394722938538, 0.02247517928481102]","[0.017769522415609126, 0.024581320561899093, 0.01378885519192397, 0.025721771314022535]",artifact:ridge_2q_256.npz,
synthetic_ground_truth,2q,ridge,classical_cpu,evaluated,artifacts/datasets/2q_mixed_channel_test.npz,47,0.029113906626417094,0.008253175018348255,"[0.0509091317653656, 0.13711869716644287, 0.14010584354400635, -0.030346892774105072]","[0.08741649180797917, 0.15, 0.08941839016020617, -0.04672640301980257]","[0.015839552506804466, 0.029346711933612823, 0.0253656804561615, 0.025606542825698853]","[0.03, 0.02372969145592837, 0.020292597690850366, 0.017444393488496957]",artifact:ridge_2q_256.npz,
